-- phpMyAdmin SQL Dump
-- version 5.1.1
-- https://www.phpmyadmin.net/
--
-- ホスト: localhost:8889
-- 生成日時: 2023 年 6 月 11 日 12:36
-- サーバのバージョン： 5.7.34
-- PHP のバージョン: 7.4.21

SET SQL_MODE = "NO_AUTO_VALUE_ON_ZERO";
START TRANSACTION;
SET time_zone = "+00:00";


/*!40101 SET @OLD_CHARACTER_SET_CLIENT=@@CHARACTER_SET_CLIENT */;
/*!40101 SET @OLD_CHARACTER_SET_RESULTS=@@CHARACTER_SET_RESULTS */;
/*!40101 SET @OLD_COLLATION_CONNECTION=@@COLLATION_CONNECTION */;
/*!40101 SET NAMES utf8mb4 */;

--
-- データベース: `practice`
--

-- --------------------------------------------------------

--
-- テーブルの構造 `belong_to`
--

CREATE TABLE `belong_to` (
  `belong_id` int(11) NOT NULL,
  `start_date` date DEFAULT NULL,
  `end_date` date DEFAULT NULL,
  `department_id` int(11) DEFAULT NULL,
  `employee_id` int(11) DEFAULT NULL
) ENGINE=InnoDB DEFAULT CHARSET=utf8;

--
-- テーブルのデータのダンプ `belong_to`
--

INSERT INTO `belong_to` (`belong_id`, `start_date`, `end_date`, `department_id`, `employee_id`) VALUES
(1, '1987-06-15', NULL, 2, 1),
(2, '1987-06-15', NULL, 4, 2),
(3, '1987-06-15', '1998-08-31', 5, 3),
(4, '1987-06-15', NULL, 5, 4),
(5, '1987-06-15', NULL, 1, 5),
(6, '1987-06-15', NULL, 5, 6),
(7, '1988-02-26', NULL, 1, 7),
(8, '1988-02-26', '2003-05-31', 5, 8),
(9, '1988-02-26', '1998-08-31', 2, 9),
(10, '1988-04-01', NULL, 6, 10),
(11, '1988-04-01', NULL, 5, 11),
(12, '1988-04-01', '1998-08-31', 5, 12),
(13, '1989-04-01', NULL, 3, 13),
(14, '1989-04-01', NULL, 5, 14),
(15, '1991-04-01', NULL, 4, 15),
(16, '1991-04-01', NULL, 5, 16),
(17, '1992-04-01', NULL, 5, 17),
(18, '1992-08-26', NULL, 1, 18),
(19, '1993-04-01', NULL, 5, 19),
(20, '1994-04-01', NULL, 5, 20),
(21, '1996-04-01', NULL, 5, 21),
(22, '1996-04-01', NULL, 5, 22),
(23, '1997-04-01', NULL, 5, 23),
(24, '1998-09-01', NULL, 6, 3),
(25, '1998-09-01', NULL, 1, 12),
(26, '1998-09-01', NULL, 3, 9),
(27, '1999-04-01', NULL, 2, 24),
(28, '1999-04-01', NULL, 5, 25),
(29, '2001-04-01', NULL, 5, 26),
(30, '2003-04-01', NULL, 5, 27),
(31, '2003-06-01', NULL, 1, 8),
(32, '2004-04-01', NULL, 5, 28),
(33, '2006-04-01', NULL, 5, 29),
(34, '2007-04-01', NULL, 5, 30);

-- --------------------------------------------------------

--
-- テーブルの構造 `book`
--

CREATE TABLE `book` (
  `id` int(11) NOT NULL,
  `sales_date` date NOT NULL,
  `publisher` varchar(100) NOT NULL,
  `series` varchar(100) NOT NULL,
  `title` varchar(255) NOT NULL,
  `author` varchar(100) NOT NULL,
  `price` int(11) NOT NULL
) ENGINE=InnoDB DEFAULT CHARSET=utf8mb4;

--
-- テーブルのデータのダンプ `book`
--

INSERT INTO `book` (`id`, `sales_date`, `publisher`, `series`, `title`, `author`, `price`) VALUES
(1, '2021-02-17', '講談社', 'KCデラックス', '五等分の花嫁　フルカラー版（11）', '春場ねぎ', 700),
(2, '2021-02-17', '講談社', 'KCデラックス', 'ときめきのいけにえ（2）', 'うぐいす祥子', 660),
(3, '2021-02-17', '講談社', 'KCデラックス', '化物語（12）', '西尾維新／大暮維人', 620),
(4, '2021-02-17', '講談社', 'KCデラックス', '彼女、お借りします TVアニメ第1期 公式設定資料集', '宮島礼吏', 700),
(5, '2021-02-17', '講談社', 'マガジンエッジKC', 'SHAMAN KING THE SUPER STAR（5）', '武井宏之', 670),
(6, '2021-02-17', '講談社', 'マガジンエッジKC', 'SHAMAN KING（27）', '武井宏之', 600),
(7, '2021-02-17', '講談社', 'マガジンエッジKC', 'SHAMAN KING（28）', '武井宏之', 600),
(8, '2021-02-17', '講談社', 'マガジンエッジKC', 'SHAMAN KING（29）', '武井宏之', 600),
(9, '2021-02-17', '講談社', 'マガジンエッジKC', 'しかのこのこのここしたんたん（2）', 'おしおしお', 630),
(10, '2021-02-17', '講談社', '講談社コミックス', 'ダイヤのA act2（25）', '寺嶋裕二', 450),
(11, '2021-02-17', '講談社', '講談社コミックス', 'カンギバンカ（1）', '恵広史／今村翔吾', 450),
(12, '2021-02-17', '講談社', '講談社コミックス', '東京卍リベンジャーズ（21）', '和久井健', 450),
(13, '2021-02-17', '講談社', '講談社コミックス', 'インフェクション（22）', '及川徹', 450),
(14, '2021-02-17', '講談社', '講談社コミックス', '炎炎ノ消防隊（27）', '大久保篤', 450),
(15, '2021-02-17', '講談社', '講談社コミックス月刊マガジン', 'ピーチボーイリバーサイド（9）', 'ヨハネ／クール教信者', 450),
(16, '2021-02-17', '講談社', '講談社コミックス月刊マガジン', 'ノラガミ（23）', 'あだちとか', 450),
(17, '2021-02-17', '講談社', '講談社コミックス月刊マガジン', '龍帥の翼　史記・留侯世家異伝（18）', '川原正敏', 490),
(18, '2021-02-17', '講談社', '講談社コミックス月刊マガジン', '陸奥圓明流異界伝　修羅の紋　ムツさんはチョー強い？！（2）', '川原正敏／甲斐とうしろう', 480),
(19, '2021-02-18', '小学館', '少年サンデーコミックス', 'MAJOR 2nd（メジャーセカンド）（22）', '満田拓也', 454),
(20, '2021-02-18', '小学館', '少年サンデーコミックス', '清楚なフリをしてますが（４）', '倉地千尋', 454),
(21, '2021-02-18', '小学館', '少年サンデーコミックス', '今際の国のアリス　RETRY（２）', '麻生羽呂', 454),
(22, '2021-02-18', '小学館', '少年サンデーコミックス', '古見さんは、コミュ症です。（20）', 'オダトモヒト', 454),
(23, '2021-02-18', '小学館', '少年サンデーコミックス', '君は008（12）', '松江名俊', 454),
(24, '2021-02-18', '小学館', '少年サンデーコミックス', '蒼穹のアリアドネ（12）', '八木教広', 454),
(25, '2021-02-18', '小学館', '少年サンデーコミックス', 'いとやんごとなき（３）', '小松翔太', 454),
(26, '2021-02-18', '小学館', '少年サンデーコミックス', '双亡亭壊すべし（21）', '藤田和日郎', 454),
(27, '2021-02-18', '小学館', '少年サンデーコミックス〔スペシャル〕', '焼きたて！！ジャぱん～超現実～（３）', '入江謙三／橋口たかし', 600),
(28, '2021-02-18', '小学館', '少年サンデーコミックス〔スペシャル〕', '結界師 完全版（17）', '田辺イエロウ', 1400),
(29, '2021-02-18', '小学館', '少年サンデーコミックス〔スペシャル〕', '結界師 完全版（18）', '田辺イエロウ', 1400),
(30, '2021-02-19', '講談社', 'ヤンマガKCスペシャル', 'マガイモノ（2）', '今井神', 730),
(31, '2021-02-19', '講談社', 'ヤンマガKCスペシャル', 'ギルドレ（3）', '朝霧カフカ／坂野杏梨', 690),
(32, '2021-02-19', '講談社', 'ヤンマガKCスペシャル', 'よりみちエール（1）', '敦森蘭', 660),
(33, '2021-02-19', '講談社', 'ヤンマガKCスペシャル', '性別X（1）', 'みやざき明日香', 660),
(34, '2021-02-19', '講談社', 'ヤンマガKCスペシャル', '啄木鳥探偵處（1）', '伊井圭／南普也ほか', 660),
(35, '2021-02-19', '集英社', 'ヤングジャンプコミックス', 'かぐや様は告らせたい～天才たちの恋愛頭脳戦～（21）', '赤坂アカ', 540),
(36, '2021-02-19', '集英社', 'ヤングジャンプコミックス', 'かぐや様を語りたい（４）', '赤坂アカ／Ｇ３井田', 600),
(37, '2021-02-19', '集英社', 'ヤングジャンプコミックス', '【推しの子】（３）', '赤坂アカ／横槍メンゴ', 630),
(38, '2021-02-19', '集英社', 'ヤングジャンプコミックス', 'バトゥーキ（10）', '迫稔雄', 580),
(39, '2021-02-19', '集英社', 'ヤングジャンプコミックス', 'スナックバス江（８）', 'フォビドゥン澁川', 540),
(40, '2021-02-19', '集英社', 'ヤングジャンプコミックス', 'ジュピタリア（３）', '梶山昊頌', 630),
(41, '2021-02-19', '集英社', 'ヤングジャンプコミックス', '久保さんは僕を許さない（４）', '雪森寧々', 600),
(42, '2021-02-19', '集英社', 'ヤングジャンプコミックス', 'かがみの孤城（３）', '辻村深月／武富智', 630),
(43, '2021-02-19', '集英社', 'ヤングジャンプコミックス', '侠医冬馬（４）', '村上もとか／共同かわのいちろう', 600),
(44, '2021-02-19', '集英社', 'ヤングジャンプコミックス', '怨み屋本舗　WORST（15）', '栗原正尚', 580),
(45, '2021-02-19', '集英社', 'ヤングジャンプコミックス', '制裁学園（２）', '栗原正尚', 630),
(46, '2021-02-19', '集英社', 'ヤングジャンプコミックス', 'すんどめ！！ミルキーウェイ（10）', 'ふなつかずき', 630),
(47, '2021-02-19', '集英社', 'ヤングジャンプコミックス', '王様の仕立て屋　～下町テーラー～（８）', '大河原遁', 600),
(48, '2021-02-19', '集英社', 'ヤングジャンプコミックス', 'TIEMPO ―ティエンポ―（８）', '飯野大祐', 600),
(49, '2021-02-19', '集英社', 'ヤングジャンプコミックス', 'ウマ娘　シンデレラグレイ（２）', '久住太陽／杉浦理史ほか', 600),
(50, '2021-02-19', '集英社', 'ヤングジャンプコミックス', '異世界モンスターブリーダー～チートはあるけど、のんびり育成しています～（３）', '柑橘ゆすら／とうのきりほか', 630),
(51, '2021-02-19', '集英社', 'ヤングジャンプコミックス', '失業賢者の成り上がり～嫌われた才能は世界最強でした～（３）', '三河ごーすと／おおみね', 630),
(52, '2021-02-19', '集英社', 'ヤングジャンプコミックス', '九龍ジェネリックロマンス（４）', '眉月じゅん', 600),
(53, '2021-02-19', '集英社', 'ヤングジャンプコミックス', 'ジャンケットバンク（２）', '田中一行', 600),
(54, '2021-02-19', '集英社', 'ヤングジャンプコミックス', '鬼獄の夜（５）', '加藤キャシー', 630),
(55, '2021-02-19', '集英社', 'ヤングジャンプコミックス', '遊び人は賢者に転職できるって知ってました？～勇者パーティを追放されたLv99道化師、【大賢者】になる～（４）', '妹尾尻尾／柚木ゆのほか', 630),
(56, '2021-02-19', '集英社', 'ヤングジャンプコミックス', '生産職を極め過ぎたら伝説の武器が俺の嫁になりました（２）', 'あまうい白一／神武ひろよしほか', 630),
(57, '2021-02-19', '集英社', 'ヤングジャンプコミックス', '昨日、助けていただいた魔導書です（２）', '森田季節／福袋あけ美ほか', 630),
(58, '2021-02-19', '小学館', 'サンデーGXコミックス', '薬屋のひとりごと～猫猫の後宮謎解き手帳～（10）', '倉田三ノ路／日向夏ほか', 600),
(59, '2021-02-19', '小学館', 'サンデーGXコミックス', 'アサシン　クリード　チャイナ（３）', '倉田三ノ路／ユービーアイソフト', 600),
(60, '2021-02-19', '小学館', 'サンデーGXコミックス', 'やはり俺の青春ラブコメはまちがっている。＠comic（17）', '伊緒直道／渡航ほか', 600),
(61, '2021-02-19', '小学館', 'サンデーGXコミックス', '任侠転生―異世界のヤクザ姫―（４）', '宮下裕樹／夏原武', 600),
(62, '2021-02-19', '小学館', 'サンデーGXコミックス', '煩悩☆西遊記（２）', 'クリスタルな洋介', 600),
(63, '2021-02-19', '小学館', 'てんとう虫コミックス', 'アニメ版　映画　STAND BY ME ドラえもん（２）', '藤子・Ｆ・不二雄', 700),
(64, '2021-02-19', '小学館', '裏少年サンデーコミックス', 'TSUYOSHI 誰も勝てない、アイツには（７）', '丸山恭右', 800),
(65, '2021-02-19', '小学館', '裏少年サンデーコミックス', '異世界美少女受肉おじさんと（３）', '池澤真／津留崎優', 800),
(66, '2021-02-19', '小学館', '裏少年サンデーコミックス', '異世界社長　魔王軍で成り上がる！（３）', '都田彩人', 800),
(67, '2021-02-19', '小学館', '裏少年サンデーコミックス', '塩対応の佐藤さんが俺にだけ甘い＠comic（２）', '鉄山かや／猿渡かざみほか', 591),
(68, '2021-02-19', '小学館', '裏少年サンデーコミックス', '送球ボーイズ（18）', 'サカズキ九／フウワイ', 482),
(69, '2021-02-19', '小学館', '裏少年サンデーコミックス', '寿エンパイア（５）', 'せきやてつじ', 591),
(70, '2021-02-19', '小学館', '裏少年サンデーコミックス', '裏バイト：逃亡禁止（３）', '田口翔太郎', 591),
(71, '2021-02-19', '小学館', '裏少年サンデーコミックス', '暑がりヒナタさんと寒がりヨザキくん（２）', 'ますだ悠', 591),
(72, '2021-02-19', '小学館', '裏少年サンデーコミックス', 'うしろの正面　カムイさん（２）', 'コノシロしんこ／えろき', 591),
(73, '2021-02-22', '講談社', 'KCデラックス', '宇宙兄弟公式コミックガイド　～宇宙・月ミッション編～', '小山宙哉／講談社', 1000),
(74, '2021-02-22', '講談社', 'アフタヌーンKC', '猫が西向きゃ（3）', '漆原友紀', 660),
(75, '2021-02-22', '講談社', 'アフタヌーンKC', 'ああっ就活の女神さまっ（3）', '青木Ｕ平／よしづきくみちほか', 660),
(76, '2021-02-22', '講談社', 'アフタヌーンKC', 'メダリスト（2）', 'つるまいかだ', 680),
(77, '2021-02-22', '講談社', 'アフタヌーンKC', '友達として大好き（2）', 'ゆうち巳くみ', 660),
(78, '2021-02-22', '講談社', 'アフタヌーンKC', 'マージナル・オペレーション（16）', 'キムラダイスケ／芝村裕吏', 680),
(79, '2021-02-22', '講談社', 'イブニングKC', 'インハンド（5）', '朱戸アオ', 650),
(80, '2021-02-22', '講談社', 'イブニングKC', '侵略ニャッ！（2）', '渡辺慎一', 650),
(81, '2021-02-22', '講談社', 'イブニングKC', '烏は主を選ばない（1）', '阿部智里／松崎夏未', 650),
(82, '2021-02-22', '講談社', 'イブニングKC', '賊軍　土方歳三（3）', '赤名修', 650),
(83, '2021-02-22', '講談社', 'モーニングKC', 'ジョーカーセブン（1）', 'まさゆみ', 650),
(84, '2021-02-22', '講談社', 'モーニングKC', 'はたらく細胞LADY（2）', '原田重光／乙川灯ほか', 660),
(85, '2021-02-22', '講談社', 'モーニングKC', 'スインギンドラゴンタイガーブギ（3）', '灰田高鴻', 650),
(86, '2021-02-22', '講談社', 'モーニングKC', 'ゴールデンゴールド（8）', '堀尾省太', 650),
(87, '2021-02-22', '講談社', 'モーニングKC', '西遊妖猿伝　西域篇　火焔山の章（2）', '諸星大二郎', 760),
(88, '2021-02-22', '講談社', 'モーニングKC', 'この会社に好きな人がいます（6）', '榎本あかまる', 650),
(89, '2021-02-22', '講談社', 'モーニングKC', '代闘士ハイコの事件簿（2）', '伊勢ともか／久園亀代', 720),
(90, '2021-02-22', '講談社', 'モーニングKC', 'ブラックガルド（3）', '花田陵', 680),
(91, '2021-02-22', '講談社', 'モーニングKC', 'お部屋は見ての汚楽しみ（1）', '束ユムコ', 650),
(92, '2021-02-22', '講談社', 'モーニングKC', 'あせとせっけん（10）', '山田金鉄', 650),
(93, '2021-02-22', '講談社', 'モーニングKC', 'はたらく細胞BLACK（8）', '初嘉屋一生／原田重光ほか', 650),
(94, '2021-02-22', '講談社', 'モーニングKC', 'はたらく細胞BABY（3）', '福田泰宏／清水茜', 650),
(95, '2021-02-22', '講談社', 'モーニングKC', '宇宙兄弟（39）', '小山宙哉', 650),
(96, '2021-02-22', '講談社', 'イブニングKC', '激辛課長 NEW EDITION（1）', '前田悠', 650),
(97, '2021-02-22', '講談社', 'イブニングKC', '激辛課長 NEW EDITION（2）', '前田悠', 650),
(98, '2021-02-25', '集英社', 'マーガレットコミックス', '恋を知らない僕たちは（10）', '水野美波', 440),
(99, '2021-02-25', '集英社', 'マーガレットコミックス', 'シンデレラ クロゼット（5）', '柳井わかな', 460),
(100, '2021-02-25', '集英社', 'マーガレットコミックス', '黒婚　―ブラマリ―（３）', '藍川さき', 440),
(101, '2021-02-25', '集英社', 'マーガレットコミックス', 'みにあまる彼氏（10）', 'ほしの瑞希', 460),
(102, '2021-02-25', '集英社', 'マーガレットコミックス', '神様が恋をしろと言っている！（２）', '花松あやか', 460),
(103, '2021-02-25', '集英社', 'マーガレットコミックス', '愛したがりのメゾン（５）', '里中実華', 460),
(104, '2021-02-25', '集英社', 'マーガレットコミックス', 'モジコイネネコイ（５）', '佐藤ざくり', 440),
(105, '2021-02-25', '集英社', 'マーガレットコミックス', 'おそ松さん（10）', 'シタラマサコ／赤塚不二夫ほか', 440),
(106, '2021-02-25', '集英社', 'マーガレットコミックス', 'お迎え渋谷くん（７）', '蜜野まこと', 460),
(107, '2021-02-25', '集英社', 'りぼんマスコットコミックス', '初×婚（５）', '黒崎みのり', 440),
(108, '2021-02-25', '集英社', 'りぼんマスコットコミックス', 'キスで起こして。（２）', '春田なな', 480),
(109, '2021-02-25', '集英社', 'りぼんマスコットコミックス', '絶叫学級　転生（14）', 'いしかわえみ', 440),
(110, '2021-02-25', '小学館', 'コミックス単行本', '風光る紀行', '渡辺多恵子／由木デザイン', 1800),
(111, '2021-02-25', '小学館', 'フラワーCアルファ', 'クズとケモ耳（７）', '杉しっぽ', 482),
(112, '2021-02-25', '小学館', 'フラワーコミックス', 'その先はプライベートです（２）', '後藤みさき', 440),
(113, '2021-02-25', '小学館', 'フラワーコミックス', 'その先はプライベートです（３）', '後藤みさき', 440),
(114, '2021-02-25', '小学館', 'フラワーコミックス', '＊キスは20歳になってから（２）', 'のの子', 440),
(115, '2021-02-25', '小学館', 'フラワーコミックス', '＊キスは20歳になってから（３）', 'のの子', 440),
(116, '2021-02-25', '小学館', 'フラワーコミックス', '目覚めたらキスしてよ（４）', '今澤まいこ', 440),
(117, '2021-02-25', '小学館', 'フラワーコミックス', '望外ヘビーラブ（４）', '島袋ユミ', 440),
(118, '2021-02-25', '小学館', 'フラワーコミックス', '柚木さんちの四兄弟。（８）', '藤沢志月', 440),
(119, '2021-02-25', '小学館', 'フラワーコミックス', 'みらいのダンナさま（６）', '吉永ゆう', 440),
(120, '2021-02-25', '小学館', 'フラワーコミックス', 'イケメン貧乏神と同居はじめました！（１）', '杏乃', 440),
(121, '2021-02-25', '小学館', 'フラワーコミックス', '20×20（１）', '中島ベガ', 440),
(122, '2021-02-25', '小学館', 'フラワーコミックス', '20×20（２）', '中島ベガ', 440),
(123, '2021-02-25', '小学館', 'フラワーコミックス', '泡恋（５）（完）', '水波風南', 440),
(124, '2021-02-25', '小学館', 'フラワーコミックス', '王の獣（６）', '藤間麗', 440),
(125, '2021-02-25', '小学館', 'フラワーコミックス', 'パーフェクトスキャンダル（４）', '菊乃杏', 440),
(126, '2021-02-25', '小学館', 'フラワーコミックス', 'ねぇ先生、知らないの？（５）', '浅野あや', 440),
(127, '2021-02-25', '小学館', 'フラワーコミックス', '無敵の番犬に噛みつかれまして（5）', '夜神里奈', 440),
(128, '2021-02-25', '小学館', 'フラワーコミックス', '風光る（45）', '渡辺多恵子', 454),
(129, '2021-02-26', '小学館', 'コミックス単行本', 'スタミナ深夜食堂', '安倍夜郎／左古文男', 1100),
(130, '2021-02-26', '小学館', 'てんとう虫コミックス', 'とっておきドラえもん わきあいあい家族編', '藤子・F・不二雄', 800),
(131, '2021-02-26', '小学館', 'てんとう虫コミックス', 'デュエル・マスターズ　キング（３）', '松本しげのぶ', 454),
(132, '2021-02-26', '小学館', 'てんとう虫コミックス', 'ポケットモンスター　～サトシとゴウの物語！～（２）', '五味まちと／田尻智ほか', 454),
(133, '2021-02-26', '小学館', 'てんとう虫コミックス', 'ウソツキ！ゴクオーくん（22）', '吉もと誠', 454),
(134, '2021-02-26', '小学館', 'てんとう虫コミックス', 'ゾゾゾ　ゾンビーくんZ', 'ながとしやすなり', 454),
(135, '2021-02-26', '小学館', 'てんとう虫コミックス', 'ポケットモンスタースペシャル（58）', '山本サトシ／日下秀憲', 600),
(136, '2021-02-26', '小学館', 'てんとう虫コミックス', '神たま（１）', '曽山一寿', 454),
(137, '2021-02-26', '小学館', 'てんとう虫コミックス', 'アニマギア（１）', '足立たかふみ／立川史', 454),
(138, '2021-02-26', '小学館', 'てんとう虫コミックス〔スペシャル〕', 'まんがで！にゃんこ大戦争（６）', '萬屋不死身之介／ＰＯＮＯＳ株式会社', 609),
(139, '2021-02-26', '小学館', 'ビッグ　コミックス', '釣りバカ日誌番外編　新入社員　浜崎伝助（５）', '北見けんいち／やまさき十三', 591),
(140, '2021-02-26', '小学館', 'ビッグ　コミックス', '九条の大罪（１）', '真鍋昌平', 591),
(141, '2021-02-26', '小学館', 'ビッグ　コミックス', 'ボクらはみんな生きてゆく！（１）', 'あきやまひでき', 591),
(142, '2021-02-26', '小学館', 'ビッグ　コミックス', '徘徊先生（１）', 'はしもとみつお／伴茶彰', 591),
(143, '2021-02-26', '小学館', 'ビッグ　コミックス', 'パッカ（４）', '今井大輔', 591),
(144, '2021-02-26', '小学館', 'ビッグ　コミックス', '警眼―ケイガン―（６）', '早坂ガブ', 591),
(145, '2021-02-26', '小学館', 'ビッグ　コミックス', 'バトルグラウンドワーカーズ（６）', '竹良実', 591),
(146, '2021-02-26', '小学館', 'ビッグ　コミックス', 'あの月に向かって打て！（４）', '寒川一之', 591),
(147, '2021-02-26', '小学館', 'ビッグ　コミックス', 'アオアシ（23）', '小林有吾', 591),
(148, '2021-02-26', '小学館', 'ビッグ　コミックス', '機動戦士ガンダム　バンディエラ（３）', '加納梨衣／矢立肇ほか', 591),
(149, '2021-02-26', '小学館', 'ビッグ　コミックス', 'ジャガーン（12）', 'にしだけんすけ／金城宗幸', 591),
(150, '2021-02-26', '小学館', 'ビッグ　コミックス', '釣りバカ日誌（107）', '北見けんいち／やまさき十三', 591),
(151, '2021-02-26', '小学館', 'ビッグ コミックス', '機動戦士ガンダム サンダーボルト（17）', '太田垣康男、矢立肇ほか', 741),
(152, '2021-02-26', '小学館', 'ビッグ コミックス', 'テツぼん（28）', '永松潔、高橋遠州', 648),
(153, '2021-02-26', '小学館', 'ビッグ　コミックス〔スペシャル〕', '深夜食堂（23）', '安倍夜郎', 815),
(154, '2021-02-26', '小学館', 'ビッグ　コミックス〔スペシャル〕', '岳　完全版　第5集', '石塚真一', 1545),
(155, '2021-02-26', '小学館', 'ビッグ　コミックス〔スペシャル〕', 'BLUE GIANT EXPLORER（２）', '石塚真一／ＮＵＭＢＥＲ８', 620),
(156, '2021-02-26', '小学館', 'ビッグ　コミックス〔スペシャル〕', 'くーねるまるた　ぬーぼ（５）', '高尾じんぐ', 593),
(157, '2021-02-26', '小学館', 'ヤングサンデーコミックス', '土竜（モグラ）の唄（70）', '高橋のぼる', 591),
(158, '2021-03-01', '小学館', 'ちゃおコミックス', '同級生と恋する方法（２）', '大木真白', 440),
(159, '2021-03-01', '小学館', 'ちゃおコミックス', 'はろー！マイベイビー（６）', 'かわだ志乃', 440),
(160, '2021-03-01', '小学館', 'ちゃおコミックス', '片想いミステイク！（３）', '森田ゆき', 440),
(161, '2021-03-01', '小学館', 'ちゃおコミックス', 'オレ様キングダムDX（１）', '八神千歳', 440),
(162, '2021-03-04', '講談社', '講談社コミックス', '先輩が僕を殺りにきてる（３）', '助野嘉昭／らふすけっち', 450),
(163, '2021-03-04', '講談社', '講談社コミックス月刊マガジン', '終わりのセラフ　一瀬グレン、16歳の破滅（10）', '浅見よう／鏡貴也', 450),
(164, '2021-03-04', '集英社', 'ジャンプコミックス', 'アンデッドアンラック（５）', '戸塚慶文', 440),
(165, '2021-03-04', '集英社', 'ジャンプコミックス', 'むとうとさとう（７）', '赤塚大将', 630),
(166, '2021-03-04', '集英社', 'ジャンプコミックス', '新テニスの王子様（32）', '許斐剛', 480),
(167, '2021-03-04', '集英社', 'ジャンプコミックス', '阿波連さんははかれない（11）', '水あさと', 600),
(168, '2021-03-04', '集英社', 'ジャンプコミックス', 'マッシュル　-MASHLE-（５）', '甲本一', 440),
(169, '2021-03-04', '集英社', 'ジャンプコミックス', 'チェンソーマン（11）', '藤本タツキ', 440),
(170, '2021-03-04', '集英社', 'ジャンプコミックス', 'ぼくたちは勉強ができない（21）', '筒井大志', 460),
(171, '2021-03-04', '集英社', 'ジャンプコミックス', '破壊神マグちゃん（３）', '上木敬', 440),
(172, '2021-03-04', '集英社', 'ジャンプコミックス', '夜桜さんちの大作戦（７）', '権平ひつじ', 440),
(173, '2021-03-04', '集英社', 'ジャンプコミックス', 'ぼくらの血盟（２）', 'かかずかず', 460),
(174, '2021-03-04', '集英社', 'ジャンプコミックス', '呪術廻戦（15）', '芥見下々', 440),
(175, '2021-03-04', '集英社', 'ジャンプコミックス', '呪術廻戦　公式ファンブック', '芥見下々', 800),
(176, '2021-03-04', '集英社', 'ジャンプコミックス', 'あやかしトライアングル（３）', '矢吹健太朗', 440),
(177, '2021-03-04', '集英社', 'ジャンプコミックス', '奴隷遊戯GUREN（４）', 'ヤマイナナミ／井深みつほか', 630),
(178, '2021-03-04', '集英社', 'ジャンプコミックス', '先輩！俺の声で癒されないでください！（２）', 'ちると', 630),
(179, '2021-03-04', '集英社', 'ジャンプコミックス', '双星の陰陽師（24）', '助野嘉昭', 480),
(180, '2021-03-04', '集英社', 'ジャンプコミックス', 'ド級編隊エグゼロス（12）', 'きただりょうま', 480),
(181, '2021-03-04', '集英社', 'ジャンプコミックス', 'ドラゴンクエスト　ダイの大冒険　勇者アバンと獄炎の魔王（１）', '三条陸／芝田優作', 440),
(182, '2021-03-04', '集英社', 'ジャンプコミックス', '怪獣8号（２）', '松本直也', 480),
(183, '2021-03-04', '集英社', 'ジャンプコミックス', '忘却バッテリー（９）', 'みかわ絵子', 600),
(184, '2021-03-04', '集英社', 'ジャンプコミックス', '口が裂けても君には（１）', '梶本あかり', 600),
(185, '2021-03-04', '集英社', 'ジャンプコミックス', '傷だらけのピアノソナタ（１）', '齋藤勁吾', 630),
(186, '2021-03-04', '集英社', 'ジャンプコミックス', 'GHOST GIRL ゴーストガール（２）', '紗池晃久', 630),
(187, '2021-03-04', '集英社', 'ジャンプコミックス', 'とげとげ（１）', '土田健太', 440),
(188, '2021-03-04', '集英社', 'ジャンプコミックス', 'アラガネの子（１）', '佐々木尚', 630),
(189, '2021-03-04', '集英社', 'ジャンプコミックス', 'デッドプール：SAMURAI（１）', '笠間三四郎／植杉光', 630),
(190, '2021-03-04', '集英社', 'ヤングジャンプコミックス', '真・群青戦記（１）', '笠原真樹／アジチカ', 630),
(191, '2021-03-04', '集英社', '愛蔵版コミックス', 'ドラゴンクエスト　ダイの大冒険　新装彩録版（13）', '三条陸／稲田浩司ほか', 650),
(192, '2021-03-04', '集英社', '愛蔵版コミックス', 'ドラゴンクエスト　ダイの大冒険　新装彩録版（14）', '三条陸／稲田浩司ほか', 700),
(193, '2021-03-04', '集英社', '愛蔵版コミックス', 'ドラゴンクエスト　ダイの大冒険　新装彩録版（15）', '三条陸／稲田浩司ほか', 700),
(194, '2021-03-05', '講談社', 'KCデラックス', '新装版　頭文字D（13）', 'しげの秀一', 1000),
(195, '2021-03-05', '講談社', 'KCデラックス', '新装版　頭文字D（14）', 'しげの秀一', 1000),
(196, '2021-03-05', '講談社', 'KCデラックス', '新装版　頭文字D（15）', 'しげの秀一', 1000),
(197, '2021-03-05', '講談社', 'KCデラックス', '雨と君と（１）', '二階堂幸', 860),
(198, '2021-03-05', '講談社', 'アフタヌーンKC', '空挺ドラゴンズ（10）', '桑原太矩', 660),
(199, '2021-03-05', '講談社', 'アフタヌーンKC', '棗のセカイ―異界退魔伝―（２）', '若宮ひろあき', 660),
(200, '2021-03-05', '講談社', 'アフタヌーンKC', 'うちの師匠はしっぽがない（５）', 'ＴＮＳＫ', 660),
(201, '2021-03-05', '講談社', 'マガジンエッジKC', 'PROJECT SCARD ～獣たちの正義～', '黒榮ゆい／ＧｏＨａｎｄｓ×Ｆｒｏｎｔｉｅｒ　Ｗｏｒｋｓほか', 700),
(202, '2021-03-05', '講談社', 'ヤンマガKCスペシャル', '寄生列島（３）', '江戸川エドガワ', 690),
(203, '2021-03-05', '講談社', 'ヤンマガKCスペシャル', 'パラレルパラダイス（13）', '岡本倫', 660),
(204, '2021-03-05', '講談社', 'ヤンマガKCスペシャル', '何度、時をくりかえしても本能寺が燃えるんじゃが！？（１）', '藤本ケンシ／井出圭亮', 660),
(205, '2021-03-05', '講談社', 'ヤンマガKCスペシャル', 'オペ看（１）', 'ミサヲ／人間まお', 660),
(206, '2021-03-05', '講談社', 'ヤンマガKCスペシャル', '手品先輩（８）', 'アズ', 630),
(207, '2021-03-05', '講談社', 'ヤンマガKCスペシャル', '渡くんの××が崩壊寸前（10）', '鳴見なる', 660),
(208, '2021-03-05', '講談社', 'ヤンマガKCスペシャル', '彼、岸島（１）', '佐世保太郎／松本光司', 660),
(209, '2021-03-05', '講談社', 'ヤンマガKCスペシャル', '彼岸島　48日後…（28）', '松本光司', 660),
(210, '2021-03-05', '講談社', 'ヤンマガKCスペシャル', '錬金ブライカン（３）', '宝依図', 660),
(211, '2021-03-05', '講談社', 'ヤンマガKCスペシャル', 'つむじまがり×すぷりんぐ（２）', '夢乃狸', 660),
(212, '2021-03-05', '講談社', 'ヤンマガKCスペシャル', 'アンダーニンジャ（５）', '花沢健吾', 660),
(213, '2021-03-05', '講談社', 'ヤンマガKCスペシャル', '雪女と蟹を食う（８）', 'Ｇｉｎｏ０８０８', 660),
(214, '2021-03-09', '講談社', 'KCデラックス', 'シュート！の世界にゴン中山が転生してしまった件（４）', '外池達宏／中山雅史ほか', 620),
(215, '2021-03-09', '講談社', 'KCデラックス', '死ぬほど君の処女が欲しい（２）', 'てぃーろんたろん', 620),
(216, '2021-03-09', '講談社', 'KCデラックス', '不遇職【鑑定士】が実は最強だった　～奈落で鍛えた最強の【神眼】で無双する～（２）', '藤モロホシ／茨木野ほか', 620),
(217, '2021-03-09', '講談社', 'KCデラックス', 'ようかい居酒屋　のんべれケ。（５）', 'ｎｏｎｃｏ', 620),
(218, '2021-03-09', '講談社', 'KCデラックス', '捨てられた転生賢者　～魔物の森で最強の大魔帝国を作り上げる～（２）', '未来人Ａ／クリカラマルほか', 620),
(219, '2021-03-09', '講談社', 'KCデラックス', 'エルディアス・ロード　女神にもらった絶対死なない最強スキルで七つのダンジョンを攻略する（１）', '澄守彩／髙田タカミほか', 620),
(220, '2021-03-09', '講談社', 'KCデラックス', 'おら、嫁っこさ行くだ！　コスプレJKの秘密の愛情（２）', '高橋コウ', 660),
(221, '2021-03-09', '講談社', 'KCデラックス', '犬になったら好きな人に拾われた。（２）', '古川五勢', 660),
(222, '2021-03-09', '講談社', 'KCデラックス', '不遇職『鍛冶師』だけど最強です　～気づけば何でも作れるようになっていた男ののんびりスローライフ～（２）', '吉村英明／木嶋隆太ほか', 650),
(223, '2021-03-09', '講談社', 'シリウスKC', '美少女になったけど、ネトゲ廃人やってます。（３）', '泉乃せん／星屑ぽんぽんほか', 650),
(224, '2021-03-09', '講談社', 'シリウスKC', '爆宴（３）', 'イダタツヒコ／士貴智志', 700),
(225, '2021-03-09', '講談社', 'シリウスKC', '異世界魔王と召喚少女の奴隷魔術（13）', '福田直叶／むらさきゆきやほか', 680),
(226, '2021-03-09', '講談社', 'シリウスKC', 'よくわからないけれど異世界に転生していたようです（５）', '内々けやき／あしほか', 650),
(227, '2021-03-09', '講談社', 'シリウスKC', '怪病医ラムネ（５）', '阿呆トロ', 680),
(228, '2021-03-09', '講談社', 'シリウスKC', '魔法使い黎明期（３）', 'タツヲ／虎走かけるほか', 680),
(229, '2021-03-09', '講談社', '講談社コミックス', '放課後の拷問少女（12）', 'ＢＯＫＵ', 450),
(230, '2021-03-09', '講談社', '講談社コミックス', 'なれの果ての僕ら（６）', '内海八重', 450),
(231, '2021-03-09', '講談社', '講談社コミックス', 'イジらないで、長瀞さん（10）', 'ナナシ', 450),
(232, '2021-03-09', '講談社', '講談社コミックス', 'かつて神だった獣たちへ（12）', 'めいびい', 450),
(233, '2021-03-09', '講談社', '講談社コミックス', '復讐の教科書（５）', '廣瀬俊／河野慶', 450),
(234, '2021-03-09', '講談社', '講談社コミックス', '僕たちは繁殖をやめた（１）', 'さおとめやぎ', 450),
(235, '2021-03-09', '講談社', '講談社コミックス', '我間乱―修羅―（15）', '中丸洋介', 450),
(236, '2021-03-09', '講談社', '講談社コミックス', 'UQ HOLDER！（25）', '赤松健', 450),
(237, '2021-03-09', '講談社', '講談社コミックス', '中華一番！極（９）', '小川悦司', 450),
(238, '2021-03-09', '講談社', '講談社コミックス', '暁の屍狩（１）', '檜乃坂耀季', 450),
(239, '2021-03-10', '講談社', 'KCデラックス', '殿さまとスティッチ（３）', '和田洋人', 900),
(240, '2021-03-10', '講談社', 'モーニングKC', 'シルバーポールフラワーズ（２）', '如意自在', 650),
(241, '2021-03-10', '講談社', 'モーニングKC', 'ざんげ飯（２）', 'こだまはつみ', 650),
(242, '2021-03-10', '講談社', 'ヤンマガKCスペシャル', '悪魔と人との間（２）', '福本眞久', 660),
(243, '2021-03-10', '講談社', 'ヤンマガKCスペシャル', 'りこさんブッチギリです！（２）', '大田均', 660),
(244, '2021-03-10', '講談社', 'ヤンマガKCスペシャル', 'バカレイドッグス　Loser（５）', '矢樹純／青木優', 720),
(245, '2021-03-10', '小学館', 'フラワーCアルファ', '18歳、新妻、不倫します。（４）', 'わたなべ志穂', 454),
(246, '2021-03-10', '小学館', 'フラワーCアルファ', 'つまり好きって言いたいんだけど、（４）', '円城寺マキ', 454),
(247, '2021-03-10', '小学館', 'フラワーCアルファ', '痴情の接吻（６）', '如月ひいろ', 454),
(248, '2021-03-10', '小学館', 'フラワーCアルファ', 'つまり、アレ。（４）', '横山真由美', 454),
(249, '2021-03-10', '小学館', 'フラワーCアルファ', '無口な男が口説くには', '和久原にこ', 454),
(250, '2021-03-10', '小学館', 'フラワーCアルファ', 'ミステリと言う勿れ（８）', '田村由美', 454),
(251, '2021-03-10', '小学館', 'フラワーCアルファ', '黒薔薇アリスD.C.al fine（１）', '水城せとな', 454),
(252, '2021-03-10', '小学館', 'フラワーCアルファ', '初恋の世界（９）', '西炯子', 454),
(253, '2021-03-10', '小学館', 'フラワーCアルファ', '歪んでる私が溺愛されてます（４）', '響あい', 482),
(254, '2021-03-10', '小学館', 'フラワーCアルファ', '脱いで触って愛して（９）', 'いいじま凛', 482),
(255, '2021-03-10', '小学館', 'フラワーコミックス', 'コールドゲーム（５）', '和泉かねよし', 440),
(256, '2021-03-12', '講談社', 'BE LOVE KC', 'ちはやふる（46）', '末次由紀', 450),
(257, '2021-03-12', '講談社', 'BE LOVE KC', '清少納言と申します（３）', 'ＰＥＡＣＨ－ＰＩＴ', 450),
(258, '2021-03-12', '講談社', 'KC KISS', 'カカフカカ（12）', '石田拓実', 500),
(259, '2021-03-12', '講談社', 'KC KISS', 'ながたんと青と―いちかの料理帖―（６）', '磯谷友紀', 500),
(260, '2021-03-12', '講談社', 'KC KISS', 'わたしのお嫁くん（３）', '柴なつみ', 500),
(261, '2021-03-12', '講談社', 'KC KISS', 'パーフェクトワールド（12）', '有賀リエ', 500),
(262, '2021-03-12', '講談社', 'KCデザート', '極婚～超溺愛ヤクザとケイヤク結婚！？～（２）', '桜井真優', 500),
(263, '2021-03-12', '講談社', 'KCデザート', 'リビングの松永さん（10）', '岩下慶子', 450),
(264, '2021-03-12', '講談社', 'KCデザート', 'きみと青い春のはじまり（４）', 'アサダニッキ', 450),
(265, '2021-03-12', '講談社', 'KCデザート', 'ゆびさきと恋々（４）', '森下ｓｕｕ', 450),
(266, '2021-03-12', '講談社', 'KCデラックス', '溺愛くんは手を出せない（１）', '杜若わか', 680),
(267, '2021-03-12', '講談社', 'KCデラックス', '傘寿まり子（15）', 'おざわゆき', 660),
(268, '2021-03-12', '講談社', 'KCデラックス', 'となりの保護者ちゃん（２）', '立樹まや', 450),
(269, '2021-03-12', '講談社', 'KCデラックス', '愛だけに。（１）', 'チカ', 680),
(270, '2021-03-12', '講談社', 'KCデラックス', 'トラップ　～危険な元カレ～（３）', 'ｒｕｕ', 650),
(271, '2021-03-12', '講談社', 'KCデラックス', 'どうせ、恋してしまうんだ。（１）', '満井春香', 470),
(272, '2021-03-12', '講談社', 'KCデラックス', 'あの夜からキミに恋してた（１）', '桜乃みか／ボルテージ', 680),
(273, '2021-03-12', '講談社', 'KCデラックス', '花とくちづけ（２）', '七都サマコ', 450),
(274, '2021-03-12', '講談社', 'ワイドKC', 'おいおいピータン！！（２）', '伊藤理佐', 800),
(275, '2021-03-12', '講談社', 'ワイドKC', '暴力亭主から逃れる10の方法', '斎藤かよこ', 880),
(276, '2021-03-12', '講談社', '講談社コミックス別冊フレンド', '恋のはじまり（３）', '蒼井まもる', 450),
(277, '2021-03-12', '講談社', '講談社コミックス別冊フレンド', '山口くんはワルくない（４）', '斉木優', 450),
(278, '2021-03-12', '講談社', '講談社コミックス別冊フレンド', '彼女の恋が叶えばいいのに（２）', '歌鳴リナ', 450),
(279, '2021-03-12', '講談社', '講談社コミックス別冊フレンド', '今日も彼らのお隣で（１）', '小麦なぎさ', 450),
(280, '2021-03-12', '講談社', '講談社コミックス別冊フレンド', '黒崎くんの言いなりになんてならない（18）', 'マキノ', 450),
(281, '2021-03-12', '小学館', 'ゲッサン少年サンデーコミックス', '疑似ハーレム（６）', '斉藤ゆう', 591),
(282, '2021-03-12', '小学館', 'ゲッサン少年サンデーコミックス', '放課後さいころ倶楽部（18）', '中道裕大', 630),
(283, '2021-03-12', '小学館', 'ゲッサン少年サンデーコミックス', '今日のさんぽんた（２）', '田岡りき', 591),
(284, '2021-03-12', '小学館', 'ゲッサン少年サンデーコミックス', 'ウタカタノミナト（２）', '北屋けけ', 591),
(285, '2021-03-12', '小学館', 'コミックス単行本', '愛蔵版　機動警察パトレイバー（16）', 'ゆうきまさみ', 1800),
(286, '2021-03-12', '小学館', 'サンデーうぇぶりSSC', '異世界ワンターンキル姉さん　～姉同伴の異世界生活はじめました～（３）', '田口ケンジ／このえ', 600),
(287, '2021-03-12', '小学館', 'ビッグ　コミックス', '古事記（中辛）（１）', '浮津', 591),
(288, '2021-03-12', '小学館', 'ビッグ　コミックス', '重版出来！（16）', '松田奈緒子', 591),
(289, '2021-03-12', '小学館', 'ビッグ　コミックス', 'きまじめ姫と文房具王子（５）', '藤原嗚呼子', 591),
(290, '2021-03-12', '小学館', 'ビッグ　コミックス', '結婚するって、本当ですか（３）', '若木民喜', 591),
(291, '2021-03-12', '小学館', 'ビッグ　コミックス〔スペシャル〕', 'コットリコトコ', 'おくやまゆか', 1073),
(292, '2021-03-12', '小学館', '夜サンデーSSC', 'カイカンドウキ（６）', '本名ワコウ', 630),
(293, '2021-03-12', '小学館', '夜サンデーSSC', 'ヒーローガール×ヒーラーボーイ～TOUCH or DEATH～（１）', '大井昌和', 630),
(294, '2021-03-12', '小学館', '夜サンデーSSC', '異世界不倫～魔王討伐から十年、妻とはレスの元勇者と、夫を亡くした（１）', 'いのまる／大井昌和', 630),
(295, '2021-03-12', '小学館', '裏少年サンデーコミックス', '付き合ってあげてもいいかな（６）', 'たみふる', 591),
(296, '2021-03-12', '小学館', '裏少年サンデーコミックス', 'ブラックガールズトーク（３）', 'マキノマキ', 591),
(297, '2021-03-12', '小学館', '裏少年サンデーコミックス', 'ケンガンオメガ', 'だろめおん／サンドロビッチ・ヤバ子', 591),
(298, '2021-03-12', '小学館', '裏少年サンデーコミックス', '夜のお友にどうですか？（１）', 'うみのまや／吉野郁', 591),
(299, '2021-03-12', '小学館', '裏少年サンデーコミックス', 'アイショタ　トゥウィンクリングメモリー', '丸山有香／すめらぎ琥珀ほか', 591),
(300, '2021-03-15', '講談社', 'KCデラックス', '乙女高校ボクシング部（３）', '沢田ひろふみ', 640),
(301, '2021-03-15', '講談社', '講談社コミックス月刊マガジン', 'リトル・ブル（３）', 'Ｃボ／佐藤駿光', 470);

-- --------------------------------------------------------

--
-- テーブルの構造 `categories`
--

CREATE TABLE `categories` (
  `category_id` int(11) NOT NULL,
  `category_name` varchar(100) DEFAULT NULL
) ENGINE=InnoDB DEFAULT CHARSET=utf8;

--
-- テーブルのデータのダンプ `categories`
--

INSERT INTO `categories` (`category_id`, `category_name`) VALUES
(1, '魚'),
(2, '肉'),
(3, '野菜'),
(4, '菓子'),
(5, '乾物'),
(6, '惣菜'),
(7, '生活用品'),
(8, '嗜好品'),
(9, '玩具'),
(10, 'アクセサリー');

-- --------------------------------------------------------

--
-- テーブルの構造 `customers`
--

CREATE TABLE `customers` (
  `customer_id` int(11) NOT NULL,
  `customer_code` int(11) DEFAULT NULL,
  `customer_name` varchar(100) DEFAULT NULL,
  `address` varchar(100) DEFAULT NULL,
  `customer_class_id` int(11) DEFAULT NULL,
  `prefectural_id` int(11) DEFAULT NULL
) ENGINE=InnoDB DEFAULT CHARSET=utf8;

--
-- テーブルのデータのダンプ `customers`
--

INSERT INTO `customers` (`customer_id`, `customer_code`, `customer_name`, `address`, `customer_class_id`, `prefectural_id`) VALUES
(1, 2001, 'タマ', '江戸川区下小岩', 2, 13),
(2, 2002, 'ハナ', '江戸川区北小岩', 2, 13),
(3, 2003, 'ミケ', '館林市緑町', 2, 10),
(4, 2004, 'キク', '江戸川区西小岩', 2, 13),
(5, 1005, 'ウメ', '中野区ねこた町', 2, 13),
(6, 1006, 'トラネコ商会', '札幌市南区', 1, 1),
(7, 2007, 'クロ', '台東区浅草橋', 2, 13),
(8, 2008, 'トラ', '川崎市多摩区', 2, 14),
(9, 1009, 'スーパーニャンコ', '江戸川区南小岩', 1, 13),
(10, 1010, 'ぶち雑貨店', '江戸川区南小岩', 1, 13),
(11, 1011, 'ミーストア', '龍ケ崎市下町', 1, 8),
(12, 2012, 'タロ', '江戸川区南小岩', 2, 13),
(13, 1013, '雑貨サクラ', '江戸川区西小岩', 1, 13),
(14, 2014, 'チー', '江戸川区南小岩', 2, 13),
(15, 2015, 'シロ', '荒川区北千住', 2, 13),
(16, 1016, '株式会社スズナリ', '松山市東山町', 1, 38),
(17, 1017, 'エリザベス商会', '江戸川区東小岩', 1, 13),
(18, 2018, 'ポンタ', '江戸川区南小岩', 2, 13),
(19, 2019, 'ジロー', '江戸川区南篠崎', 2, 13),
(20, 2020, 'ニャン太', '江戸川区南小岩', 2, 13),
(21, 2021, 'ミミ', 'さいたま市桜区', 2, 11),
(22, 2022, 'ミミミ', 'さいたま市桜区', 2, 11),
(23, 1023, '有限会社チョコグリーン', '大阪市中央区', 1, 27),
(24, 2024, 'チャー', '水戸市大工町', 2, 8),
(25, 2025, 'みーすけ', '武蔵野市吉祥寺', 2, 13),
(26, 2026, 'チロ', '江戸川区南小岩', 2, 13),
(27, 1027, 'パーコ株式会社', '取手市井野', 1, 8),
(28, 1028, 'トニー商店', '江戸川区北篠崎', 1, 13),
(29, 2029, 'ギン', '横浜市青葉区', 2, 14),
(30, 1030, 'プーストア', '江東区大島', 1, 13);

-- --------------------------------------------------------

--
-- テーブルの構造 `customer_classes`
--

CREATE TABLE `customer_classes` (
  `customer_class_id` int(11) NOT NULL,
  `customer_class_name` varchar(100) DEFAULT NULL
) ENGINE=InnoDB DEFAULT CHARSET=utf8;

--
-- テーブルのデータのダンプ `customer_classes`
--

INSERT INTO `customer_classes` (`customer_class_id`, `customer_class_name`) VALUES
(1, '法人'),
(2, '個人');

-- --------------------------------------------------------

--
-- テーブルの構造 `departments`
--

CREATE TABLE `departments` (
  `department_id` int(11) NOT NULL,
  `department_name` varchar(100) DEFAULT NULL
) ENGINE=InnoDB DEFAULT CHARSET=utf8;

--
-- テーブルのデータのダンプ `departments`
--

INSERT INTO `departments` (`department_id`, `department_name`) VALUES
(1, '営業'),
(2, '総務'),
(3, '人事'),
(4, '経理'),
(5, '販売'),
(6, '購買');

-- --------------------------------------------------------

--
-- テーブルの構造 `employees`
--

CREATE TABLE `employees` (
  `employee_id` int(11) NOT NULL,
  `employee_name` varchar(100) DEFAULT NULL,
  `height` decimal(10,0) DEFAULT NULL,
  `e_mail` varchar(100) DEFAULT NULL,
  `weight` decimal(10,0) DEFAULT NULL,
  `hire_fiscal_year` int(11) DEFAULT NULL,
  `birth_day` date DEFAULT NULL,
  `blood_type` varchar(2) DEFAULT NULL
) ENGINE=InnoDB DEFAULT CHARSET=utf8;

--
-- テーブルのデータのダンプ `employees`
--

INSERT INTO `employees` (`employee_id`, `employee_name`, `height`, `e_mail`, `weight`, `hire_fiscal_year`, `birth_day`, `blood_type`) VALUES
(1, 'シマゴロー', '168', 'simagoro@nekoyasudo', '72', 1987, '1956-10-01', 'A'),
(2, 'ゴッチン', '161', 'gochin@nekoyasudo', '60', 1987, '1953-12-25', 'B'),
(3, 'マキ子', '155', 'maki@nekoyasudo', '52', 1987, '1958-08-16', 'O'),
(4, 'マル', '158', 'maru@nekoyasudo', '45', 1987, '1954-01-12', 'AB'),
(5, 'ミチロー', '170', 'michiro@nekoyasudo', '70', 1987, '1965-02-14', 'A'),
(6, 'チー', '173', 'coo@nekoyasudo', '76', 1987, '1964-09-15', 'A'),
(7, 'サラ', '162', 'sara@nekoyasudo', '50', 1988, '1960-10-28', 'A'),
(8, 'みなみ', '153', 'minami@nekoyasudo', '42', 1988, '1962-09-03', 'O'),
(9, 'プリン', '148', 'prin@nekoyasudo', '48', 1988, '1968-03-14', 'B'),
(10, 'ぴー子', '156', 'pko@nekoyasudo', '52', 1988, '1971-11-13', 'O'),
(11, 'ごま', '180', 'goma@nekoyasudo', '78', 1988, '1971-04-15', 'O'),
(12, 'ぱんだ', '185', 'panda@nekoyasudo', '95', 1988, '1971-06-01', 'B'),
(13, '猫丸', '172', 'nekomaru@nekoyasudo', '80', 1989, '1972-01-15', 'B'),
(14, 'ニャン太', '178', 'nyantaro@nekoyasudo', '58', 1989, '1972-02-03', 'B'),
(15, 'モンチー', '169', 'monchi@nekoyasudo', '55', 1991, '1973-05-06', 'A'),
(16, 'ぴよ', '155', 'piyo@nekoyasudo', '62', 1991, '1973-07-14', 'A'),
(17, 'ラスカル', '165', 'rasukal@nekoyasudo', '51', 1992, '1974-04-10', 'AB'),
(18, 'くま', '190', 'kuma@nekoyasudo', '115', 1992, '1970-03-03', 'O'),
(19, 'ゴン', '176', 'gon@nekoyasudo', '78', 1993, '1975-11-16', 'O'),
(20, 'チー', '169', 'q@nekoyasudo', '56', 1994, '1976-05-25', 'O'),
(21, '太助', '164', 'tasuke@nekoyasudo', '50', 1996, '1978-10-03', 'B'),
(22, 'トントン', '155', 'tonton@nekoyasudo', '45', 1996, '1978-12-25', 'B'),
(23, 'マー', '158', 'ma@nekoyasudo', '44', 1997, '1979-04-03', 'A'),
(24, 'サリー', '149', 'sary@nekoyasudo', '38', 1999, '1981-02-02', 'A'),
(25, 'うさぎ', '161', 'usa@nekoyasudo', '43', 1999, '1981-08-08', 'A'),
(26, 'うー太', '170', 'uta@nekoyasudo', '63', 2001, '1983-03-26', 'A'),
(27, 'ローリー', '147', 'roly@nekoyasudo', '40', 2003, '1985-05-26', 'A'),
(28, 'マイケル', '160', 'mikel@nekoyasudo', '49', 2004, '1986-06-30', 'AB'),
(29, 'スー', '163', 'su@nekoyasudo', '52', 2006, '1988-09-08', 'O'),
(30, 'ミーヤ', '168', 'miya@nekoyasudo', '51', 2007, '1989-07-07', 'B');

-- --------------------------------------------------------

--
-- テーブルの構造 `movie`
--

CREATE TABLE `movie` (
  `id` int(11) DEFAULT NULL,
  `title` varchar(50) DEFAULT NULL,
  `screen_time` int(11) DEFAULT NULL,
  `production_year` year(4) DEFAULT NULL,
  `studio_id` int(11) DEFAULT NULL
) ENGINE=InnoDB DEFAULT CHARSET=utf8;

--
-- テーブルのデータのダンプ `movie`
--

INSERT INTO `movie` (`id`, `title`, `screen_time`, `production_year`, `studio_id`) VALUES
(1, 'Howard the Duck', 110, 1986, 1),
(2, 'Blade', 120, 1998, 2),
(3, 'X-Men', 104, 2000, 3),
(4, 'Blade II', 118, 2002, 2),
(5, 'Spider-Man', 121, 2002, 4),
(7, 'X2', 135, 2003, 3),
(8, 'Hulk', 138, 2003, 5),
(9, 'The Punisher', 123, 2004, 6),
(10, 'Spider-Man 2', 127, 2004, 4),
(11, 'Blade: Trinity', 114, 2004, 2),
(12, 'Elektra', 98, 2005, 3),
(13, 'Fantastic Four', 110, 2005, 3),
(14, 'X-Men: The Last Stand', 105, 2006, 3),
(15, 'Ghost Rider', 110, 2007, 4),
(16, 'Spider-Man 3', 139, 2007, 4),
(17, 'Fantastic Four: Rise of the Silver Surfer', 92, 2007, 3),
(18, 'Iron Man', 126, 2008, 7),
(19, 'The Incredible Hulk', 112, 2008, 7),
(20, 'Punisher: War Zone', 103, 2008, 8),
(21, 'X-MEN ZERO X-Men Origins: Wolverine', 108, 2009, 3),
(22, 'Iron Man 2', 124, 2010, 7),
(23, 'Thor', 114, 2011, 7),
(24, 'X-Men: First Class', 131, 2011, 3),
(25, 'Captain America: The First Avenger', 124, 2011, 7),
(26, 'Ghost Rider: Spirit of Vengeance', 95, 2012, 4),
(27, 'The Avengers', 143, 2012, 7),
(28, 'The Amazing Spider-Man', 136, 2012, 4),
(29, 'Iron Man 3', 130, 2013, 7),
(30, 'SAMURAI The Wolverine', 126, 2013, 3),
(31, 'Thor: The Dark World', 112, 2013, 7),
(32, 'Captain America: The Winter Solider', 136, 2014, 7),
(33, 'The Amazing Spider-Man 2', 142, 2014, 4),
(34, 'X-Men: Days of Future Past', 131, 2014, 3),
(35, 'Guardians of the Galaxy', 122, 2014, 7),
(36, 'Avengers: Age of Ultron', 141, 2015, 7),
(37, 'Ant-Man', 117, 2015, 7),
(38, 'The Fantastic Four', 100, 2015, 3),
(39, 'Deadpool', 108, 2016, 3),
(40, 'Captain America: Civil War', 148, 2016, 7),
(41, 'X-Men: Apocalypse', 144, 2016, 3),
(42, 'Doctor Strange', 115, 2016, 7),
(43, 'Logan', 137, 2017, 3),
(44, 'Guardians of the Galaxy vol.2', 136, 2017, 7),
(45, 'Spider-Man: Homecoming', 133, 2017, 4),
(46, 'Thor: Ragnarok', 130, 2017, 7),
(47, 'Black Panther', 134, 2018, 7),
(48, 'Avengers: Infinity War', 149, 2018, 7),
(49, 'Deadpool 2', 120, 2018, 3),
(50, 'Ant-Man and the Wasp', 118, 2018, 7),
(51, 'Venom', 112, 2018, 4),
(52, 'Captain Marvel', 124, 2019, 7),
(53, 'Avengers: Endgame', 181, 2019, 7),
(54, 'Dark Phoenix', 114, 2019, 3),
(55, 'Spider-Man: Far From Home', 129, 2019, 4),
(56, 'Black Widow', 133, 2021, 7);

-- --------------------------------------------------------

--
-- テーブルの構造 `m_student`
--

CREATE TABLE `m_student` (
  `id` int(11) NOT NULL,
  `name` varchar(100) NOT NULL,
  `gender` varchar(1) NOT NULL,
  `tel` varchar(20) NOT NULL,
  `mail` varchar(100) NOT NULL,
  `zip` varchar(8) NOT NULL,
  `address` varchar(50) NOT NULL,
  `birthday` date NOT NULL,
  `blood_type` varchar(2) NOT NULL,
  `grade` int(11) NOT NULL
) ENGINE=InnoDB DEFAULT CHARSET=utf8;

--
-- テーブルのデータのダンプ `m_student`
--

INSERT INTO `m_student` (`id`, `name`, `gender`, `tel`, `mail`, `zip`, `address`, `birthday`, `blood_type`, `grade`) VALUES
(1, 'Shimazaki Minako', 'F', '0289-35-2397', 'minako850@jnaozldln.yot', '324-0215', 'tochigiken', '1995-09-04', 'A', 1),
(2, 'Takenaka Yoshihiko', 'M', '0826-3-4094', 'Yoshihiko_Takenaka@yqxra.grvln.oe', '731-5133', 'hiroshimaken', '1994-05-07', 'A', 3),
(3, 'Tanigawa Aina', 'F', '023-427-2846', 'ainatanigawa@xkxzpb.pwz', '992-0476', 'yamagataken', '1988-04-08', 'AB', 4),
(4, 'Shimoyama Shigeko', 'F', '0187-97-7933', 'Shigeko_Shimoyama@pfopdd.iw', '015-0044', 'akitaken', '1995-12-10', 'O', 2),
(5, 'Takakura Akio', 'M', '0969-14-9146', 'akio255@epqut.gkg', '869-2301', 'kumamotoken', '1996-12-07', 'O', 3),
(6, 'Muraki Naoyuki', 'M', '096-393-0078', 'Naoyuki_Muraki@vjuurqpuly.sbg', '861-0517', 'kumamotoken', '1988-02-21', 'B', 4),
(7, 'Matsuo Zenichi', 'M', '0996-78-8213', 'imatsuo@yfxjxope.dw.po', '892-0817', 'kagoshimaken', '1996-09-11', 'O', 1),
(8, 'Ishino Kimiko', 'F', '04-6820-5914', 'kimiko8249@vrzjsugl.ev', '359-0005', 'saitamaken', '1988-03-25', 'B', 2),
(9, 'Egawa Yuka', 'F', '044-047-0554', 'oomrc-plrlyuka9713@dqgmme.ywb', '238-0046', 'kanagawaken', '1992-06-18', 'A', 1),
(10, 'Ogata Manami', 'F', '019-2-3546', 'manami6999@jjoqhjm.fk', '021-0815', 'iwateken', '1995-03-03', 'B', 1),
(11, 'Mochida Hajime', 'M', '079-769-0432', 'hajime0000@hfyodmav.ifx', '658-0027', 'hyougoken', '1988-04-16', 'O', 4),
(12, 'Okamura Kazuo', 'M', '028-565-7866', 'kazuo16103@rcfotukya.yz.rnm', '325-0043', 'tochigiken', '1988-03-30', 'A', 2),
(13, 'Hiraoka Yuzuki', 'F', '0265-34-2371', 'yuzuki_hiraoka@btnafmcdxs.uqa', '399-3701', 'naganoken', '1997-04-26', 'A', 2),
(14, 'Tsuruoka Youji', 'M', '092-341-7198', 'youji_tsuruoka@ddrfqefas.rfrcb.wtx', '830-0057', 'fukuokaken', '1991-03-16', 'B', 2),
(15, 'Shinohara Hajime', 'M', '0553-39-1985', 'hajime4674@vsjjo.gj', '407-0011', 'yamanashiken', '1996-03-30', 'B', 3),
(16, 'Hashimoto Miyabi', 'F', '0562-66-9794', 'miyabi82203@aanbxftah.dv', '445-0072', 'aichiken', '1995-05-20', 'O', 1),
(17, 'Sugimoto Akio', 'M', '0740-15-0446', 'snzt=wsrocl-mvdakio5244@umvwdiwla.rg.qe', '520-2267', 'shigaken', '1991-09-12', 'A', 1),
(18, 'Teraoka Yoshitaka', 'M', '049-0-3437', 'yoshitaka0473@qreuqq.et', '368-0102', 'saitamaken', '1990-12-17', 'AB', 4),
(19, 'Okayama Rina', 'F', '0969-81-7079', 'rina8329@dcmrg.ltv', '861-3208', 'kumamotoken', '1994-07-01', 'B', 1),
(20, 'Kimoto Rinka', 'F', '03-0157-6582', 'rinka74262@euusrr.kduwc.pr', '133-0072', 'toukyouto', '1995-02-20', 'AB', 2),
(21, 'Koike Junichi', 'M', '0959-25-9006', 'junichi9841@axxdduri.xg', '851-2213', 'nagasakiken', '1991-01-21', 'A', 3),
(22, 'Okamura Nodoka', 'F', '096-775-1998', 'nodoka9049@qpuogak.bi', '861-0547', 'kumamotoken', '1988-08-03', 'AB', 3),
(23, 'Tezuka Kei', 'M', '052-623-3725', 'kei373@zthk.hfp', '483-8028', 'aichiken', '1993-09-20', 'O', 2),
(24, 'Komiya Kiichi', 'M', '0738-37-2340', 'kiichikomiya@qlrgm.im', '648-0405', 'wakayamaken', '1997-02-26', 'A', 4),
(25, 'Maejima Chika', 'F', '077-128-4558', 'plyi=-xjdbchika882@hgyzimu.cni', '629-3112', 'kyoutofu', '1996-01-07', 'B', 1),
(26, 'Jimbo Masaya', 'M', '093-367-3411', 'masaya1241@ddaghmiy.gqm', '837-0923', 'fukuokaken', '1989-06-22', 'O', 3),
(27, 'Ide Fuuka', 'F', '088-926-5519', 'fuuka1350@gfawz.ely', '779-4801', 'tokushimaken', '1993-08-06', 'O', 2),
(28, 'Morioka Kano', 'F', '0983-02-3908', 'kano818@ejfnmh.fje', '889-2531', 'miyazakiken', '1995-11-07', 'O', 4),
(29, 'Akabane Risa', 'F', '058-432-2720', 'risa90616@dknlh.du', '503-0117', 'gifuken', '1992-06-01', 'A', 3),
(30, 'Tamba Akari', 'F', '0855-95-0937', 'akari_tamba@sadnvo.or', '699-1432', 'shimaneken', '1992-06-17', 'B', 2),
(31, 'Mishima Maho', 'F', '03-8121-6685', 'maho_mishima@ekzox.uyi', '162-0855', 'toukyouto', '1996-04-16', 'O', 1),
(32, 'Funabashi Naruyoshi', 'M', '088-530-4131', 'naruyoshi862@roaxn.xrd.ps', '770-0924', 'tokushimaken', '1992-12-19', 'A', 1),
(33, 'Kawai Shouji', 'M', '088-464-8415', 'ikawai@cytugczd.vbvmh.ax', '778-5251', 'tokushimaken', '1993-01-13', 'O', 3),
(34, 'Tomita Reiko', 'F', '052-453-4974', 'reiko440@cwconqt.ehqm.xc', '442-0025', 'aichiken', '1993-09-06', 'B', 4),
(35, 'Hiramatsu Ayane', 'F', '0175-10-4151', 'ayane203@ozwdxk.hq', '035-0061', 'aomoriken', '1992-05-22', 'A', 2),
(36, 'Shibata Daichi', 'M', '058-310-0818', 'pwajafrvewdaichi913@kxkkgc.wz', '500-8117', 'gifuken', '1997-05-11', 'A', 1),
(37, 'Naruse Teiichi', 'M', '098-350-2357', 'teiichi517@ihbffl.tluga.fu', '905-0229', 'okinawaken', '1990-05-22', 'A', 2),
(38, 'Iwama Motohiko', 'M', '022-099-8089', 'motohikoiwama@olyzvtehfr.tep.gr', '988-0365', 'miyagiken', '1994-12-19', 'O', 3),
(39, 'Horiuchi Ryoukichi', 'M', '0250-98-4824', 'Ryoukichi_Horiuchi@edgcm.uk', '959-2113', 'niigataken', '1991-04-06', 'B', 3),
(40, 'Akasaka Chiyoko', 'F', '04-147-4125', 'cxvsefwvmleichiyoko559@nzilz.ds.djo', '366-0025', 'saitamaken', '1992-01-12', 'B', 4),
(41, 'Tsukamoto Akane', 'F', '088-805-5159', 'akane669@rmzq.esm', '781-1514', 'kouchiken', '1992-10-03', 'B', 4),
(42, 'Anzai Hiroaki', 'M', '0531-59-5827', 'hiroaki928@ztvhmdfwlf.xwumi.wq', '444-2813', 'aichiken', '1990-07-23', 'O', 3),
(43, 'Tabata Tatsuya', 'M', '0855-55-6644', 'atabata@ztqdzc.qly.dkj', '699-2214', 'shimaneken', '1995-03-03', 'B', 2),
(44, 'Meguro Ayane', 'F', '06-6273-9310', 'ayane_meguro@gyhdzuzux.ex', '542-0085', 'oosakafu', '1996-08-27', 'A', 3),
(45, 'Nakao Aine', 'F', '096-198-0490', 'fpclh=ueaine216@njtg.zb', '867-0056', 'kumamotoken', '1988-08-10', 'O', 4),
(46, 'Itou Yukiharu', 'M', '0770-33-3513', 'yukiharu_itou@knnloguqz.qac.lu', '910-3523', 'fukuiken', '1989-03-12', 'B', 2),
(47, 'Takahashi Yuriko', 'F', '0739-66-5369', 'Yuriko_Takahashi@ggnnii.rs.rdr', '649-6272', 'wakayamaken', '1992-04-16', 'AB', 3),
(48, 'Ookawa Riho', 'F', '0852-8-6025', 'rihoookawa@eneamas.ke.itc', '690-2513', 'shimaneken', '1995-11-20', 'AB', 1),
(49, 'Wada Shiori', 'F', '0973-15-6007', 'iwada@qeaosmqoen.gz', '876-0832', 'ooitaken', '1994-05-28', 'A', 3),
(50, 'Imada Minami', 'F', '0847-93-8469', 'minamiimada@ikbzzhgb.nm', '731-1503', 'hiroshimaken', '1996-09-03', 'A', 1),
(51, 'Izumi Aika', 'F', '053-330-5174', 'aika6334@ejvf.nb', '410-0052', 'shizuokaken', '1995-06-09', 'A', 1),
(52, 'Muraoka Mei', 'F', '073-05-1795', 'myktq=bcfce=m=omei32947@tkgffw.ws', '643-0075', 'wakayamaken', '1990-10-25', 'B', 2),
(53, 'Okazaki Tokuichi', 'M', '029-207-4525', 'tokuichi07926@mznxcyg.la', '300-4205', 'ibarakiken', '1987-11-06', 'B', 4),
(54, 'Sakamoto Mai', 'F', '017-673-6454', 'mai53037@nldugk.aat', '036-0164', 'aomoriken', '1995-05-11', 'B', 3),
(55, 'Kawai Yoshikazu', 'M', '0980-63-2398', 'v-ui-==yoshikazu049@shkfjbzdxq.mle', '901-0343', 'okinawaken', '1991-12-27', 'AB', 4),
(56, 'Takano Natsuki', 'F', '0856-5-5896', 'tnfty=gzohewl-natsuki83703@qxux.ucz', '692-0007', 'shimaneken', '1997-02-09', 'A', 2),
(57, 'Kase Ibuki', 'F', '0740-69-0848', 'ikase@zqqaswdtbz.tki', '526-0208', 'shigaken', '1996-11-20', 'B', 3),
(58, 'Tsukada Toshio', 'M', '098-198-9354', 'toshio087@jdysl.rt', '901-2207', 'okinawaken', '1992-04-04', 'O', 2),
(59, 'Ogawa Akio', 'M', '06-4354-2246', 'akio41922@dtyqwhigw.vrsb.ocp', '598-0007', 'oosakafu', '1989-04-11', 'O', 4),
(60, 'Ishizuka Sadao', 'M', '023-014-5969', 'j=ruiejdglnbsadao39125@tihpiei.fgku.sl', '999-2211', 'yamagataken', '1989-11-08', 'O', 2),
(61, 'Mizuta Kazuo', 'M', '0790-9-5087', 'kazuo109@fjrkpjrauf.anx.hc', '675-0151', 'hyougoken', '1996-01-07', 'B', 2),
(62, 'Kitazawa Shouichi', 'M', '0746-70-3339', 'shouichi68959@zrrc.uw', '637-1664', 'naraken', '1989-07-24', 'O', 3),
(63, 'Imamura Ayako', 'F', '018-936-9687', 'tahdqt=trpmvayako032@cksyxh.yf', '016-0003', 'akitaken', '1990-12-09', 'O', 2),
(64, 'Kousaka Katsumi', 'F', '0985-75-0501', 'ikousaka@mvxkslji.pdr', '883-0044', 'miyazakiken', '1992-06-02', 'B', 1),
(65, 'Iwama Atsuhiko', 'M', '084-099-7368', 'oiwama@oubaorllc.isa.ipu', '737-0076', 'hiroshimaken', '1987-11-10', 'A', 1),
(66, 'Satake Masanobu', 'M', '099-134-6019', 'masanobu315@zkyg.xk', '891-0202', 'kagoshimaken', '1990-11-03', 'A', 4),
(67, 'Ookuma Kenzou', 'M', '0887-52-1534', 'kenzou598@gzocv.xbx', '780-0904', 'kouchiken', '1991-01-13', 'O', 4),
(68, 'Teranishi Tatsuo', 'M', '055-248-1060', 'tatsuo_teranishi@bhdcxnfw.td.pn', '400-0601', 'yamanashiken', '1988-04-04', 'B', 1),
(69, 'Hamada Kousuke', 'M', '0853-78-0935', 'kousuke_hamada@vmvbnqa.mxk', '693-0011', 'shimaneken', '1990-06-28', 'A', 3),
(70, 'Ida Tokusaburou', 'M', '093-382-0626', 'tokusaburou1283@cjphlcwnb.pd.mk', '808-0014', 'fukuokaken', '1994-04-16', 'AB', 2),
(71, 'Noma Mitsunobu', 'M', '0837-79-6751', 'mitsunobunoma@hnvtznqmw.up', '747-0003', 'yamaguchiken', '1992-05-15', 'B', 3),
(72, 'Nihei Aina', 'F', '0297-48-7421', 'aina2025@tpofjkzlpz.mhb', '300-0848', 'ibarakiken', '1990-11-21', 'A', 2),
(73, 'Hirao Chika', 'F', '098-12-6039', 'chika07789@hkjjcdt.rzxj.xss', '901-0414', 'okinawaken', '1988-08-02', 'A', 2),
(74, 'Miyajima Masayasu', 'M', '0224-50-2976', 'umiyajima@becuf.toy', '987-0053', 'miyagiken', '1994-05-24', 'A', 1),
(75, 'Nagase Nagisa', 'F', '077-878-2063', 'Nagisa_Nagase@tseocbnyg.psy', '612-8087', 'kyoutofu', '1988-08-05', 'O', 3),
(76, 'Uesugi Wataru', 'M', '0857-09-6404', 'wataru926@gkwjwge.tnz.rs', '689-5215', 'tottoriken', '1990-07-04', 'B', 2),
(77, 'Hidaka Shinkichi', 'M', '052-345-9253', 'Shinkichi_Hidaka@tedqnhhukl.pw', '444-0324', 'aichiken', '1990-06-22', 'A', 3),
(78, 'Yokomizo Yuzuka', 'F', '025-013-9151', 'yuzuka_yokomizo@szdtmzqpr.bh', '949-6771', 'niigataken', '1992-07-11', 'O', 2),
(79, 'Uesugi Kyouko', 'F', '0577-99-6673', 'kyouko227@ovses.fsp.hxx', '503-0872', 'gifuken', '1989-02-10', 'O', 2),
(80, 'Tamaki Hatsutarou', 'M', '086-820-7457', 'hatsutaroutamaki@ademgjzpfd.gzuz.co', '716-0331', 'okayamaken', '1997-03-16', 'B', 1),
(81, 'Nakanishi Masako', 'F', '0746-19-5988', 'masako51551@damuv.nrr.pu', '632-0005', 'naraken', '1993-04-12', 'A', 3),
(82, 'Kotani Toujou', 'F', '092-607-4252', 'toujou535@qaoigl.vit.ih', '800-0114', 'fukuokaken', '1996-05-08', 'A', 2),
(83, 'Kishida Ichika', 'F', '0193-23-7718', 'ichika35254@keizugmv.wi', '028-3453', 'iwateken', '1992-03-17', 'B', 1),
(84, 'Kurihara Maki', 'F', '011-932-6555', 'maki384@pevpy.tj', '080-1252', 'hokkaidou', '1990-02-17', 'A', 2),
(85, 'Kousaka Michiko', 'F', '019-352-7136', 'michiko837@zzneovo.lzg', '029-5502', 'iwateken', '1995-09-20', 'O', 1),
(86, 'Ooshima Sayuri', 'F', '086-518-6425', 'Sayuri_Ooshima@vkzocfc.eur', '709-3623', 'okayamaken', '1988-03-18', 'B', 2),
(87, 'Akatsuka Chisa', 'F', '098-667-5259', 'aakatsuka@gsooehx.ery.czs', '906-0202', 'okinawaken', '1988-07-02', 'A', 4),
(88, 'Irie Kotoko', 'F', '093-725-2206', 't=ruhpmdtwhbokotoko03626@iccmfcarq.xahuj.lu', '820-0051', 'fukuokaken', '1996-10-07', 'A', 2),
(89, 'Nagashima Keiko', 'F', '0299-80-5384', 'Keiko_Nagashima@zduup.ui', '300-4104', 'ibarakiken', '1988-07-09', 'B', 1),
(90, 'Segawa Masahiro', 'M', '0198-75-6184', 'masahiro03497@amza.nz.xd', '029-4207', 'iwateken', '1992-11-14', 'A', 2),
(91, 'Tanimoto Takahiro', 'M', '079-823-0366', 'Takahiro_Tanimoto@hqeintruj.gv.frm', '677-0001', 'hyougoken', '1996-08-23', 'B', 4),
(92, 'Machida Kazutoshi', 'M', '0261-78-4923', 'kazutoshi4886@bvbszmffy.bsj', '385-0042', 'naganoken', '1988-07-13', 'A', 1),
(93, 'Yamamoto Yoshiko', 'F', '04-9136-3303', 'Yoshiko_Yamamoto@tespdlt.njq', '289-2152', 'chibaken', '1997-07-19', 'AB', 3),
(94, 'Hayasaka Aiko', 'F', '092-018-2757', 'aiko1711@syzjambnm.kwr', '839-0224', 'fukuokaken', '1997-09-18', 'AB', 2),
(95, 'Higashiyama Kamna', 'F', '086-005-2670', 'hshp=y=uy-kamna6946@elhtylraue.eb', '719-1176', 'okayamaken', '1996-02-16', 'A', 2),
(96, 'Kakuta Yoshitaka', 'M', '0749-01-0813', 'Yoshitaka_Kakuta@gnfhtnyjs.nqdp.mfz', '529-1155', 'shigaken', '1993-07-27', 'B', 1),
(97, 'Nakada Rina', 'F', '058-316-7691', 'rina225@ihzlun.lz', '503-2207', 'gifuken', '1994-12-15', 'B', 2),
(98, 'Hidaka Haruyasu', 'M', '087-026-6622', 'haruyasu4298@ehhaznb.ivt', '769-2701', 'kagawaken', '1987-11-27', 'A', 3),
(99, 'Suda Saaya', 'F', '0278-28-0326', 'asuda@cuzqz.auz', '370-2334', 'gunmaken', '1989-10-14', 'AB', 2),
(100, 'Uematsu Reiko', 'F', '018-758-0842', 'reiko0381@xsmuvvv.duh', '013-0522', 'akitaken', '1997-01-18', 'A', 3);

-- --------------------------------------------------------

--
-- テーブルの構造 `m_subject`
--

CREATE TABLE `m_subject` (
  `id` varchar(2) NOT NULL,
  `name` varchar(50) NOT NULL
) ENGINE=InnoDB DEFAULT CHARSET=utf8;

--
-- テーブルのデータのダンプ `m_subject`
--

INSERT INTO `m_subject` (`id`, `name`) VALUES
('CS', 'ComputerScience'),
('DB', 'DataBase'),
('JS', 'JavaScript'),
('JV', 'JAVA');

-- --------------------------------------------------------

--
-- テーブルの構造 `prefecturals`
--

CREATE TABLE `prefecturals` (
  `prefectural_id` int(11) NOT NULL,
  `prefectural_name` varchar(100) DEFAULT NULL
) ENGINE=InnoDB DEFAULT CHARSET=utf8;

--
-- テーブルのデータのダンプ `prefecturals`
--

INSERT INTO `prefecturals` (`prefectural_id`, `prefectural_name`) VALUES
(1, '北海道'),
(2, '青森県'),
(3, '岩手県'),
(4, '宮城県'),
(5, '秋田県'),
(6, '山形県'),
(7, '福島県'),
(8, '茨城県'),
(9, '栃木県'),
(10, '群馬県'),
(11, '埼玉県'),
(12, '千葉県'),
(13, '東京都'),
(14, '神奈川県'),
(15, '新潟県'),
(16, '富山県'),
(17, '石川県'),
(18, '福井県'),
(19, '山梨県'),
(20, '長野県'),
(21, '岐阜県'),
(22, '静岡県'),
(23, '愛知県'),
(24, '三重県'),
(25, '滋賀県'),
(26, '京都府'),
(27, '大阪府'),
(28, '兵庫県'),
(29, '奈良県'),
(30, '和歌山県'),
(31, '鳥取県'),
(32, '島根県'),
(33, '岡山県'),
(34, '広島県'),
(35, '山口県'),
(36, '徳島県'),
(37, '香川県'),
(38, '愛媛県'),
(39, '高知県'),
(40, '福岡県'),
(41, '佐賀県'),
(42, '長崎県'),
(43, '熊本県'),
(44, '大分県'),
(45, '宮崎県'),
(46, '鹿児島県'),
(47, '沖縄県 ');

-- --------------------------------------------------------

--
-- テーブルの構造 `products`
--

CREATE TABLE `products` (
  `product_id` int(11) NOT NULL,
  `product_code` int(11) DEFAULT NULL,
  `product_name` varchar(100) DEFAULT NULL,
  `price` decimal(10,0) DEFAULT NULL,
  `category_id` int(11) DEFAULT NULL
) ENGINE=InnoDB DEFAULT CHARSET=utf8;

--
-- テーブルのデータのダンプ `products`
--

INSERT INTO `products` (`product_id`, `product_code`, `product_name`, `price`, `category_id`) VALUES
(1, 1001, 'まぐろ', '500', 1),
(2, 1002, '金魚', '35', 1),
(3, 1003, 'ぶり', '350', 1),
(4, 1004, 'あじ', '200', 1),
(5, 1005, 'あなご', '150', 1),
(6, 2006, 'ねずみ肉', '120', 2),
(7, 2007, 'とり肉', '200', 2),
(8, 2008, '豚肉', '300', 2),
(9, 2009, 'バッタ肉', '185', 2),
(10, 2010, '蜘蛛肉', '98', 2),
(11, 3011, 'ねこ草', '120', 3),
(12, 3012, '大根', '135', 3),
(13, 3013, 'いちご', '480', 3),
(14, 3014, 'じゃがいも', '300', 3),
(15, 3015, 'しいたけ', '150', 3),
(16, 4016, 'チューチュークッキー', '200', 4),
(17, 4017, 'いなごチップス', '180', 4),
(18, 4018, 'ありせんべい', '320', 4),
(19, 4019, 'チューチューアイス', '110', 4),
(20, 4020, 'こねずみジャーキー', '120', 4),
(21, 5021, '鰹節', '200', 5),
(22, 5022, 'ネコ缶ナンバーワン', '300', 5),
(23, 5023, 'ネコ缶ダイエット', '300', 5),
(24, 5024, 'ネコ缶ローヤル', '450', 5),
(25, 5025, '煮干', '320', 5),
(26, 6026, 'ねこマンマ', '480', 6),
(27, 6027, 'ツナおじや', '460', 6),
(28, 6028, 'ねずみキッシュ', '500', 6),
(29, 6029, 'ねこ草のごまあえ', '230', 6),
(30, 6030, 'バッタのそぼろ煮', '360', 6),
(31, 7031, 'ネコ砂', '800', 7),
(32, 7032, 'トイレトレイ', '1200', 7),
(33, 7033, '引っ掻き板', '1500', 7),
(34, 7034, '上り棒', '3200', 7),
(35, 7035, 'ふかふか座布団', '2800', 7),
(36, 8036, 'またたび', '980', 8),
(37, 8037, 'またたび煙草', '200', 8),
(38, 8038, '骨', '560', 8),
(39, 8039, 'またたびガム', '120', 8),
(40, 8040, 'マタタビドリンク', '240', 8),
(41, 9041, 'ネコジャラシ', '870', 9),
(42, 9042, '毛糸玉', '210', 9),
(43, 9043, 'ボール', '150', 9),
(44, 9044, 'チョロチュー', '300', 9),
(45, 9045, 'フリスビー', '450', 9),
(46, 10046, '鈴', '50', 10),
(47, 10047, '首輪', '1300', 10),
(48, 10048, 'リボン', '800', 10),
(49, 10049, '足輪', '600', 10),
(50, 10050, '毛止めクリップ', '350', 10);

-- --------------------------------------------------------

--
-- テーブルの構造 `salary`
--

CREATE TABLE `salary` (
  `salary_id` int(11) NOT NULL,
  `pay_date` date DEFAULT NULL,
  `amount` decimal(10,0) DEFAULT NULL,
  `employee_id` int(11) DEFAULT NULL
) ENGINE=InnoDB DEFAULT CHARSET=utf8;

--
-- テーブルのデータのダンプ `salary`
--

INSERT INTO `salary` (`salary_id`, `pay_date`, `amount`, `employee_id`) VALUES
(1, '2006-09-25', '580000', 1),
(2, '2006-09-25', '450000', 2),
(3, '2006-09-25', '410000', 3),
(4, '2006-09-25', '380000', 4),
(5, '2006-09-25', '350000', 5),
(6, '2006-09-25', '350000', 6),
(7, '2006-09-25', '330000', 7),
(8, '2006-09-25', '330000', 8),
(9, '2006-09-25', '320000', 9),
(10, '2006-09-25', '300000', 10),
(11, '2006-09-25', '300000', 11),
(12, '2006-09-25', '300000', 12),
(13, '2006-09-25', '280000', 13),
(14, '2006-09-25', '280000', 14),
(15, '2006-09-25', '260000', 15),
(16, '2006-09-25', '260000', 16),
(17, '2006-09-25', '250000', 17),
(18, '2006-09-25', '290000', 18),
(19, '2006-09-25', '240000', 19),
(20, '2006-09-25', '230000', 20),
(21, '2006-09-25', '210000', 21),
(22, '2006-09-25', '210000', 22),
(23, '2006-09-25', '200000', 23),
(24, '2006-09-25', '180000', 24),
(25, '2006-09-25', '180000', 25),
(26, '2006-09-25', '175000', 26),
(27, '2006-09-25', '165000', 27),
(28, '2006-09-25', '160000', 28),
(29, '2006-09-25', '150000', 29),
(30, '2006-10-24', '580000', 1),
(31, '2006-10-24', '450000', 2),
(32, '2006-10-24', '410000', 3),
(33, '2006-10-24', '380000', 4),
(34, '2006-10-24', '350000', 5),
(35, '2006-10-24', '350000', 6),
(36, '2006-10-24', '330000', 7),
(37, '2006-10-24', '330000', 8),
(38, '2006-10-24', '320000', 9),
(39, '2006-10-24', '300000', 10),
(40, '2006-10-24', '300000', 11),
(41, '2006-10-24', '300000', 12),
(42, '2006-10-24', '280000', 13),
(43, '2006-10-24', '280000', 14),
(44, '2006-10-24', '260000', 15),
(45, '2006-10-24', '260000', 16),
(46, '2006-10-24', '250000', 17),
(47, '2006-10-24', '290000', 18),
(48, '2006-10-24', '240000', 19),
(49, '2006-10-24', '230000', 20),
(50, '2006-10-24', '210000', 21),
(51, '2006-10-24', '210000', 22),
(52, '2006-10-24', '200000', 23),
(53, '2006-10-24', '180000', 24),
(54, '2006-10-24', '180000', 25),
(55, '2006-10-24', '175000', 26),
(56, '2006-10-24', '165000', 27),
(57, '2006-10-24', '160000', 28),
(58, '2006-10-24', '150000', 29),
(59, '2006-11-25', '580000', 1),
(60, '2006-11-25', '450000', 2),
(61, '2006-11-25', '410000', 3),
(62, '2006-11-25', '380000', 4),
(63, '2006-11-25', '350000', 5),
(64, '2006-11-25', '350000', 6),
(65, '2006-11-25', '330000', 7),
(66, '2006-11-25', '330000', 8),
(67, '2006-11-25', '320000', 9),
(68, '2006-11-25', '300000', 10),
(69, '2006-11-25', '300000', 11),
(70, '2006-11-25', '300000', 12),
(71, '2006-11-25', '280000', 13),
(72, '2006-11-25', '280000', 14),
(73, '2006-11-25', '260000', 15),
(74, '2006-11-25', '260000', 16),
(75, '2006-11-25', '250000', 17),
(76, '2006-11-25', '290000', 18),
(77, '2006-11-25', '240000', 19),
(78, '2006-11-25', '230000', 20),
(79, '2006-11-25', '210000', 21),
(80, '2006-11-25', '210000', 22),
(81, '2006-11-25', '200000', 23),
(82, '2006-11-25', '180000', 24),
(83, '2006-11-25', '180000', 25),
(84, '2006-11-25', '175000', 26),
(85, '2006-11-25', '165000', 27),
(86, '2006-11-25', '160000', 28),
(87, '2006-11-25', '150000', 29),
(88, '2006-12-25', '580000', 1),
(89, '2006-12-25', '450000', 2),
(90, '2006-12-25', '410000', 3),
(91, '2006-12-25', '380000', 4),
(92, '2006-12-25', '350000', 5),
(93, '2006-12-25', '350000', 6),
(94, '2006-12-25', '330000', 7),
(95, '2006-12-25', '330000', 8),
(96, '2006-12-25', '320000', 9),
(97, '2006-12-25', '300000', 10),
(98, '2006-12-25', '300000', 11),
(99, '2006-12-25', '300000', 12),
(100, '2006-12-25', '280000', 13),
(101, '2006-12-25', '280000', 14),
(102, '2006-12-25', '260000', 15),
(103, '2006-12-25', '260000', 16),
(104, '2006-12-25', '250000', 17),
(105, '2006-12-25', '290000', 18),
(106, '2006-12-25', '240000', 19),
(107, '2006-12-25', '230000', 20),
(108, '2006-12-25', '210000', 21),
(109, '2006-12-25', '210000', 22),
(110, '2006-12-25', '200000', 23),
(111, '2006-12-25', '180000', 24),
(112, '2006-12-25', '180000', 25),
(113, '2006-12-25', '175000', 26),
(114, '2006-12-25', '165000', 27),
(115, '2006-12-25', '160000', 28),
(116, '2006-12-25', '150000', 29),
(117, '2007-01-23', '580000', 1),
(118, '2007-01-23', '450000', 2),
(119, '2007-01-23', '410000', 3),
(120, '2007-01-23', '380000', 4),
(121, '2007-01-23', '350000', 5),
(122, '2007-01-23', '350000', 6),
(123, '2007-01-23', '330000', 7),
(124, '2007-01-23', '330000', 8),
(125, '2007-01-23', '320000', 9),
(126, '2007-01-23', '300000', 10),
(127, '2007-01-23', '300000', 11),
(128, '2007-01-23', '300000', 12),
(129, '2007-01-23', '280000', 13),
(130, '2007-01-23', '280000', 14),
(131, '2007-01-23', '260000', 15),
(132, '2007-01-23', '260000', 16),
(133, '2007-01-23', '250000', 17),
(134, '2007-01-23', '290000', 18),
(135, '2007-01-23', '240000', 19),
(136, '2007-01-23', '230000', 20),
(137, '2007-01-23', '210000', 21),
(138, '2007-01-23', '210000', 22),
(139, '2007-01-23', '200000', 23),
(140, '2007-01-23', '180000', 24),
(141, '2007-01-23', '180000', 25),
(142, '2007-01-23', '175000', 26),
(143, '2007-01-23', '165000', 27),
(144, '2007-01-23', '160000', 28),
(145, '2007-01-23', '150000', 29),
(146, '2007-02-25', '580000', 1),
(147, '2007-02-25', '450000', 2),
(148, '2007-02-25', '410000', 3),
(149, '2007-02-25', '380000', 4),
(150, '2007-02-25', '350000', 5),
(151, '2007-02-25', '350000', 6),
(152, '2007-02-25', '330000', 7),
(153, '2007-02-25', '330000', 8),
(154, '2007-02-25', '320000', 9),
(155, '2007-02-25', '300000', 10),
(156, '2007-02-25', '300000', 11),
(157, '2007-02-25', '300000', 12),
(158, '2007-02-25', '280000', 13),
(159, '2007-02-25', '280000', 14),
(160, '2007-02-25', '260000', 15),
(161, '2007-02-25', '260000', 16),
(162, '2007-02-25', '250000', 17),
(163, '2007-02-25', '290000', 18),
(164, '2007-02-25', '240000', 19),
(165, '2007-02-25', '230000', 20),
(166, '2007-02-25', '210000', 21),
(167, '2007-02-25', '210000', 22),
(168, '2007-02-25', '200000', 23),
(169, '2007-02-25', '180000', 24),
(170, '2007-02-25', '180000', 25),
(171, '2007-02-25', '175000', 26),
(172, '2007-02-25', '165000', 27),
(173, '2007-02-25', '160000', 28),
(174, '2007-02-25', '150000', 29),
(175, '2007-03-25', '580000', 1),
(176, '2007-03-25', '450000', 2),
(177, '2007-03-25', '410000', 3),
(178, '2007-03-25', '380000', 4),
(179, '2007-03-25', '350000', 5),
(180, '2007-03-25', '350000', 6),
(181, '2007-03-25', '330000', 7),
(182, '2007-03-25', '330000', 8),
(183, '2007-03-25', '320000', 9),
(184, '2007-03-25', '300000', 10),
(185, '2007-03-25', '300000', 11),
(186, '2007-03-25', '300000', 12),
(187, '2007-03-25', '280000', 13),
(188, '2007-03-25', '280000', 14),
(189, '2007-03-25', '260000', 15),
(190, '2007-03-25', '260000', 16),
(191, '2007-03-25', '250000', 17),
(192, '2007-03-25', '290000', 18),
(193, '2007-03-25', '240000', 19),
(194, '2007-03-25', '230000', 20),
(195, '2007-03-25', '210000', 21),
(196, '2007-03-25', '210000', 22),
(197, '2007-03-25', '200000', 23),
(198, '2007-03-25', '180000', 24),
(199, '2007-03-25', '180000', 25),
(200, '2007-03-25', '175000', 26),
(201, '2007-03-25', '165000', 27),
(202, '2007-03-25', '160000', 28),
(203, '2007-03-25', '150000', 29),
(204, '2007-04-23', '600000', 1),
(205, '2007-04-23', '470000', 2),
(206, '2007-04-23', '430000', 3),
(207, '2007-04-23', '400000', 4),
(208, '2007-04-23', '370000', 5),
(209, '2007-04-23', '370000', 6),
(210, '2007-04-23', '350000', 7),
(211, '2007-04-23', '350000', 8),
(212, '2007-04-23', '340000', 9),
(213, '2007-04-23', '320000', 10),
(214, '2007-04-23', '320000', 11),
(215, '2007-04-23', '320000', 12),
(216, '2007-04-23', '300000', 13),
(217, '2007-04-23', '300000', 14),
(218, '2007-04-23', '270000', 15),
(219, '2007-04-23', '270000', 16),
(220, '2007-04-23', '260000', 17),
(221, '2007-04-23', '310000', 18),
(222, '2007-04-23', '250000', 19),
(223, '2007-04-23', '240000', 20),
(224, '2007-04-23', '220000', 21),
(225, '2007-04-23', '220000', 22),
(226, '2007-04-23', '210000', 23),
(227, '2007-04-23', '190000', 24),
(228, '2007-04-23', '190000', 25),
(229, '2007-04-23', '180000', 26),
(230, '2007-04-23', '170000', 27),
(231, '2007-04-23', '165000', 28),
(232, '2007-04-23', '155000', 29),
(233, '2007-04-23', '150000', 30),
(234, '2007-05-25', '600000', 1),
(235, '2007-05-25', '470000', 2),
(236, '2007-05-25', '430000', 3),
(237, '2007-05-25', '400000', 4),
(238, '2007-05-25', '370000', 5),
(239, '2007-05-25', '370000', 6),
(240, '2007-05-25', '350000', 7),
(241, '2007-05-25', '350000', 8),
(242, '2007-05-25', '340000', 9),
(243, '2007-05-25', '320000', 10),
(244, '2007-05-25', '320000', 11),
(245, '2007-05-25', '320000', 12),
(246, '2007-05-25', '300000', 13),
(247, '2007-05-25', '300000', 14),
(248, '2007-05-25', '270000', 15),
(249, '2007-05-25', '270000', 16),
(250, '2007-05-25', '260000', 17),
(251, '2007-05-25', '310000', 18),
(252, '2007-05-25', '250000', 19),
(253, '2007-05-25', '240000', 20),
(254, '2007-05-25', '220000', 21),
(255, '2007-05-25', '220000', 22),
(256, '2007-05-25', '210000', 23),
(257, '2007-05-25', '190000', 24),
(258, '2007-05-25', '190000', 25),
(259, '2007-05-25', '180000', 26),
(260, '2007-05-25', '170000', 27),
(261, '2007-05-25', '165000', 28),
(262, '2007-05-25', '155000', 29),
(263, '2007-05-25', '150000', 30),
(264, '2007-06-25', '600000', 1),
(265, '2007-06-25', '470000', 2),
(266, '2007-06-25', '430000', 3),
(267, '2007-06-25', '400000', 4),
(268, '2007-06-25', '370000', 5),
(269, '2007-06-25', '370000', 6),
(270, '2007-06-25', '350000', 7),
(271, '2007-06-25', '350000', 8),
(272, '2007-06-25', '340000', 9),
(273, '2007-06-25', '320000', 10),
(274, '2007-06-25', '320000', 11),
(275, '2007-06-25', '320000', 12),
(276, '2007-06-25', '300000', 13),
(277, '2007-06-25', '300000', 14),
(278, '2007-06-25', '270000', 15),
(279, '2007-06-25', '270000', 16),
(280, '2007-06-25', '260000', 17),
(281, '2007-06-25', '310000', 18),
(282, '2007-06-25', '250000', 19),
(283, '2007-06-25', '240000', 20),
(284, '2007-06-25', '220000', 21),
(285, '2007-06-25', '220000', 22),
(286, '2007-06-25', '210000', 23),
(287, '2007-06-25', '190000', 24),
(288, '2007-06-25', '190000', 25),
(289, '2007-06-25', '180000', 26),
(290, '2007-06-25', '170000', 27),
(291, '2007-06-25', '165000', 28),
(292, '2007-06-25', '155000', 29),
(293, '2007-06-25', '150000', 30),
(294, '2007-07-23', '600000', 1),
(295, '2007-07-23', '470000', 2),
(296, '2007-07-23', '430000', 3),
(297, '2007-07-23', '400000', 4),
(298, '2007-07-23', '370000', 5),
(299, '2007-07-23', '370000', 6),
(300, '2007-07-23', '350000', 7),
(301, '2007-07-23', '350000', 8),
(302, '2007-07-23', '340000', 9),
(303, '2007-07-23', '320000', 10),
(304, '2007-07-23', '320000', 11),
(305, '2007-07-23', '320000', 12),
(306, '2007-07-23', '300000', 13),
(307, '2007-07-23', '300000', 14),
(308, '2007-07-23', '270000', 15),
(309, '2007-07-23', '270000', 16),
(310, '2007-07-23', '260000', 17),
(311, '2007-07-23', '310000', 18),
(312, '2007-07-23', '250000', 19),
(313, '2007-07-23', '240000', 20),
(314, '2007-07-23', '220000', 21),
(315, '2007-07-23', '220000', 22),
(316, '2007-07-23', '210000', 23),
(317, '2007-07-23', '190000', 24),
(318, '2007-07-23', '190000', 25),
(319, '2007-07-23', '180000', 26),
(320, '2007-07-23', '170000', 27),
(321, '2007-07-23', '165000', 28),
(322, '2007-07-23', '155000', 29),
(323, '2007-07-23', '150000', 30),
(324, '2007-08-25', '600000', 1),
(325, '2007-08-25', '470000', 2),
(326, '2007-08-25', '430000', 3),
(327, '2007-08-25', '400000', 4),
(328, '2007-08-25', '370000', 5),
(329, '2007-08-25', '370000', 6),
(330, '2007-08-25', '350000', 7),
(331, '2007-08-25', '350000', 8),
(332, '2007-08-25', '340000', 9),
(333, '2007-08-25', '320000', 10),
(334, '2007-08-25', '320000', 11),
(335, '2007-08-25', '320000', 12),
(336, '2007-08-25', '300000', 13),
(337, '2007-08-25', '300000', 14),
(338, '2007-08-25', '270000', 15),
(339, '2007-08-25', '270000', 16),
(340, '2007-08-25', '260000', 17),
(341, '2007-08-25', '310000', 18),
(342, '2007-08-25', '250000', 19),
(343, '2007-08-25', '240000', 20),
(344, '2007-08-25', '220000', 21),
(345, '2007-08-25', '220000', 22),
(346, '2007-08-25', '210000', 23),
(347, '2007-08-25', '190000', 24),
(348, '2007-08-25', '190000', 25),
(349, '2007-08-25', '180000', 26),
(350, '2007-08-25', '170000', 27),
(351, '2007-08-25', '165000', 28),
(352, '2007-08-25', '155000', 29),
(353, '2007-08-25', '150000', 30);

-- --------------------------------------------------------

--
-- テーブルの構造 `sales`
--

CREATE TABLE `sales` (
  `sale_id` int(11) NOT NULL,
  `quantity` decimal(10,0) DEFAULT NULL,
  `customer_id` int(11) DEFAULT NULL,
  `product_id` int(11) DEFAULT NULL,
  `employee_id` int(11) DEFAULT NULL,
  `sale_date` date DEFAULT NULL
) ENGINE=InnoDB DEFAULT CHARSET=utf8;

--
-- テーブルのデータのダンプ `sales`
--

INSERT INTO `sales` (`sale_id`, `quantity`, `customer_id`, `product_id`, `employee_id`, `sale_date`) VALUES
(1, '5', 3, 21, 19, '2006-09-01'),
(2, '1', 20, 14, 4, '2006-09-01'),
(3, '1', 20, 9, 4, '2006-09-01'),
(4, '6', 15, 22, 6, '2006-09-02'),
(5, '2', 21, 20, 22, '2006-09-02'),
(6, '3', 22, 17, 25, '2006-09-02'),
(7, '24', 17, 40, 5, '2006-09-03'),
(8, '12', 17, 20, 5, '2006-09-03'),
(9, '10', 1, 2, 17, '2006-09-03'),
(10, '1', 5, 6, 19, '2006-09-04'),
(11, '1', 19, 26, 16, '2006-09-04'),
(12, '3', 19, 28, 16, '2006-09-04'),
(13, '1', 18, 35, 17, '2006-09-05'),
(14, '4', 18, 44, 17, '2006-09-05'),
(15, '1', 18, 49, 17, '2006-09-05'),
(16, '30', 13, 16, 12, '2006-09-06'),
(17, '30', 13, 17, 12, '2006-09-06'),
(18, '20', 13, 19, 12, '2006-09-06'),
(19, '15', 11, 9, 7, '2006-09-07'),
(20, '1', 14, 13, 20, '2006-09-07'),
(21, '1', 14, 15, 20, '2006-09-07'),
(22, '2', 25, 25, 16, '2006-09-08'),
(23, '1', 7, 30, 28, '2006-09-08'),
(24, '3', 8, 27, 29, '2006-09-08'),
(25, '5', 12, 23, 27, '2006-09-09'),
(26, '1', 12, 29, 27, '2006-09-09'),
(27, '100', 6, 21, 18, '2006-09-09'),
(28, '1', 2, 1, 11, '2006-09-11'),
(29, '2', 2, 7, 11, '2006-09-11'),
(30, '1', 2, 12, 11, '2006-09-11'),
(31, '1', 26, 31, 20, '2006-09-12'),
(32, '10', 30, 31, 8, '2006-09-12'),
(33, '24', 30, 17, 8, '2006-09-12'),
(34, '2', 4, 3, 17, '2006-09-13'),
(35, '1', 4, 12, 17, '2006-09-13'),
(36, '1', 4, 14, 17, '2006-09-13'),
(37, '3', 9, 19, 26, '2006-09-14'),
(38, '36', 27, 39, 7, '2006-09-14'),
(39, '12', 27, 44, 7, '2006-09-14'),
(40, '30', 28, 22, 5, '2006-09-15'),
(41, '48', 10, 36, 5, '2006-09-15'),
(42, '12', 10, 39, 5, '2006-09-15'),
(43, '50', 16, 16, 7, '2006-09-16'),
(44, '50', 16, 17, 7, '2006-09-16'),
(45, '50', 16, 18, 7, '2006-09-16'),
(46, '1', 29, 42, 19, '2006-09-17'),
(47, '3', 29, 46, 19, '2006-09-17'),
(48, '20', 23, 18, 8, '2006-09-17'),
(49, '1', 3, 4, 21, '2006-09-18'),
(50, '1', 3, 5, 21, '2006-09-18'),
(51, '3', 3, 32, 21, '2006-09-18'),
(52, '1', 15, 31, 4, '2006-09-19'),
(53, '1', 15, 9, 4, '2006-09-19'),
(54, '1', 15, 20, 4, '2006-09-19'),
(55, '5', 12, 6, 17, '2006-09-21'),
(56, '3', 2, 21, 27, '2006-09-21'),
(57, '1', 2, 34, 27, '2006-09-21'),
(58, '1', 8, 24, 27, '2006-09-22'),
(59, '1', 8, 30, 27, '2006-09-22'),
(60, '10', 8, 37, 27, '2006-09-22'),
(61, '5', 19, 19, 21, '2006-09-23'),
(62, '2', 1, 39, 29, '2006-09-23'),
(63, '10', 1, 40, 29, '2006-09-23'),
(64, '2', 21, 43, 14, '2006-09-24'),
(65, '1', 21, 11, 14, '2006-09-24'),
(66, '4', 21, 13, 14, '2006-09-24'),
(67, '1', 29, 21, 16, '2006-09-25'),
(68, '1', 29, 2, 16, '2006-09-25'),
(69, '1', 29, 13, 16, '2006-09-25'),
(70, '20', 11, 9, 5, '2006-09-26'),
(71, '20', 11, 10, 5, '2006-09-26'),
(72, '20', 11, 11, 5, '2006-09-26'),
(73, '1', 5, 18, 19, '2006-09-27'),
(74, '8', 5, 20, 19, '2006-09-27'),
(75, '1', 5, 25, 19, '2006-09-27'),
(76, '1', 26, 30, 28, '2006-09-28'),
(77, '1', 20, 33, 6, '2006-09-28'),
(78, '3', 20, 37, 6, '2006-09-28'),
(79, '1', 15, 26, 21, '2006-09-29'),
(80, '1', 15, 37, 21, '2006-09-29'),
(81, '1', 15, 40, 21, '2006-09-29'),
(82, '25', 1, 2, 28, '2006-10-01'),
(83, '1', 1, 10, 28, '2006-10-01'),
(84, '10', 11, 11, 25, '2006-10-01'),
(85, '1', 19, 47, 22, '2006-10-02'),
(86, '1', 19, 48, 22, '2006-10-02'),
(87, '1', 19, 39, 22, '2006-10-02'),
(88, '3', 25, 10, 20, '2006-10-03'),
(89, '1', 25, 13, 20, '2006-10-03'),
(90, '1', 25, 20, 20, '2006-10-03'),
(91, '36', 28, 22, 18, '2006-10-04'),
(92, '36', 28, 23, 18, '2006-10-04'),
(93, '36', 28, 24, 18, '2006-10-04'),
(94, '3', 14, 19, 11, '2006-10-05'),
(95, '1', 14, 42, 11, '2006-10-05'),
(96, '50', 16, 18, 7, '2006-10-05'),
(97, '5', 3, 1, 29, '2006-10-06'),
(98, '5', 3, 8, 29, '2006-10-06'),
(99, '100', 6, 21, 5, '2006-10-06'),
(100, '10', 8, 20, 21, '2006-10-07'),
(101, '10', 8, 24, 21, '2006-10-07'),
(102, '1', 8, 10, 21, '2006-10-07'),
(103, '20', 9, 6, 7, '2006-10-08'),
(104, '30', 9, 9, 7, '2006-10-08'),
(105, '10', 20, 31, 17, '2006-10-08'),
(106, '2', 2, 11, 14, '2006-10-09'),
(107, '1', 2, 12, 14, '2006-10-09'),
(108, '1', 2, 13, 14, '2006-10-09'),
(109, '1', 22, 22, 25, '2006-10-11'),
(110, '1', 22, 20, 25, '2006-10-11'),
(111, '30', 23, 17, 18, '2006-10-11'),
(112, '1', 29, 40, 20, '2006-10-12'),
(113, '1', 29, 20, 20, '2006-10-12'),
(114, '1', 29, 2, 20, '2006-10-12'),
(115, '20', 30, 31, 8, '2006-10-13'),
(116, '20', 30, 17, 8, '2006-10-13'),
(117, '20', 30, 41, 8, '2006-10-13'),
(118, '30', 13, 16, 7, '2006-10-14'),
(119, '1', 26, 44, 22, '2006-10-14'),
(120, '1', 26, 49, 22, '2006-10-14'),
(121, '50', 27, 39, 12, '2006-10-15'),
(122, '12', 27, 50, 12, '2006-10-15'),
(123, '1', 12, 19, 20, '2006-10-15'),
(124, '7', 18, 9, 4, '2006-10-16'),
(125, '1', 18, 13, 4, '2006-10-16'),
(126, '1', 18, 15, 4, '2006-10-16'),
(127, '6', 21, 25, 6, '2006-10-17'),
(128, '1', 21, 30, 6, '2006-10-17'),
(129, '1', 21, 27, 6, '2006-10-17'),
(130, '40', 17, 40, 5, '2006-10-18'),
(131, '20', 10, 36, 18, '2006-10-18'),
(132, '50', 10, 39, 18, '2006-10-18'),
(133, '1', 15, 1, 14, '2006-10-19'),
(134, '1', 15, 7, 14, '2006-10-19'),
(135, '1', 15, 12, 14, '2006-10-19'),
(136, '2', 5, 31, 17, '2006-10-21'),
(137, '1', 5, 31, 17, '2006-10-21'),
(138, '1', 7, 17, 23, '2006-10-21'),
(139, '1', 4, 3, 26, '2006-10-22'),
(140, '3', 4, 12, 26, '2006-10-22'),
(141, '5', 4, 14, 26, '2006-10-22'),
(142, '1', 18, 19, 21, '2006-10-23'),
(143, '1', 19, 39, 22, '2006-10-23'),
(144, '1', 19, 44, 22, '2006-10-23'),
(145, '1', 26, 22, 27, '2006-10-24'),
(146, '1', 26, 36, 27, '2006-10-24'),
(147, '1', 26, 39, 27, '2006-10-24'),
(148, '2', 8, 16, 14, '2006-10-25'),
(149, '1', 8, 17, 14, '2006-10-25'),
(150, '1', 1, 18, 11, '2006-10-25'),
(151, '1', 14, 42, 6, '2006-10-26'),
(152, '1', 14, 46, 6, '2006-10-26'),
(153, '1', 14, 18, 6, '2006-10-26'),
(154, '1', 21, 4, 19, '2006-10-27'),
(155, '6', 21, 5, 19, '2006-10-27'),
(156, '1', 3, 32, 19, '2006-10-27'),
(157, '1', 2, 31, 21, '2006-10-28'),
(158, '1', 2, 9, 21, '2006-10-28'),
(159, '1', 2, 20, 21, '2006-10-28'),
(160, '1', 25, 6, 17, '2006-10-29'),
(161, '1', 25, 21, 17, '2006-10-29'),
(162, '1', 25, 34, 17, '2006-10-29'),
(163, '8', 18, 24, 4, '2006-10-31'),
(164, '1', 18, 30, 4, '2006-10-31'),
(165, '1', 18, 37, 4, '2006-10-31'),
(166, '30', 30, 17, 5, '2006-11-01'),
(167, '10', 30, 41, 5, '2006-11-01'),
(168, '1', 5, 40, 25, '2006-11-01'),
(169, '1', 7, 43, 4, '2006-11-02'),
(170, '1', 7, 11, 4, '2006-11-02'),
(171, '1', 7, 13, 4, '2006-11-02'),
(172, '1', 2, 21, 17, '2006-11-03'),
(173, '1', 2, 2, 17, '2006-11-03'),
(174, '2', 1, 13, 17, '2006-11-03'),
(175, '10', 10, 36, 12, '2006-11-04'),
(176, '20', 10, 39, 12, '2006-11-04'),
(177, '100', 10, 21, 12, '2006-11-04'),
(178, '30', 13, 17, 7, '2006-11-05'),
(179, '1', 19, 20, 6, '2006-11-05'),
(180, '1', 19, 25, 6, '2006-11-05'),
(181, '1', 14, 30, 4, '2006-11-06'),
(182, '1', 15, 33, 19, '2006-11-06'),
(183, '1', 15, 37, 19, '2006-11-06'),
(184, '30', 23, 16, 7, '2006-11-07'),
(185, '30', 23, 17, 7, '2006-11-07'),
(186, '25', 23, 18, 7, '2006-11-07'),
(187, '20', 11, 10, 8, '2006-11-08'),
(188, '1', 8, 10, 23, '2006-11-08'),
(189, '1', 8, 11, 23, '2006-11-08'),
(190, '1', 3, 47, 11, '2006-11-09'),
(191, '1', 3, 48, 11, '2006-11-09'),
(192, '1', 4, 39, 4, '2006-11-09'),
(193, '120', 6, 21, 5, '2006-11-11'),
(194, '80', 6, 22, 5, '2006-11-11'),
(195, '60', 6, 24, 5, '2006-11-11'),
(196, '50', 16, 18, 18, '2006-11-12'),
(197, '1', 20, 23, 20, '2006-11-12'),
(198, '1', 20, 24, 20, '2006-11-12'),
(199, '3', 15, 19, 25, '2006-11-13'),
(200, '1', 15, 42, 25, '2006-11-13'),
(201, '1', 15, 18, 25, '2006-11-13'),
(202, '5', 12, 1, 14, '2006-11-14'),
(203, '1', 12, 8, 14, '2006-11-14'),
(204, '1', 12, 21, 14, '2006-11-14'),
(205, '1', 18, 20, 19, '2006-11-15'),
(206, '1', 18, 24, 19, '2006-11-15'),
(207, '35', 17, 20, 12, '2006-11-15'),
(208, '1', 21, 6, 23, '2006-11-16'),
(209, '1', 21, 9, 23, '2006-11-16'),
(210, '1', 21, 31, 23, '2006-11-16'),
(211, '30', 27, 39, 8, '2006-11-17'),
(212, '20', 27, 44, 8, '2006-11-17'),
(213, '10', 27, 50, 8, '2006-11-17'),
(214, '1', 29, 4, 29, '2006-11-18'),
(215, '1', 29, 5, 29, '2006-11-18'),
(216, '3', 29, 32, 29, '2006-11-18'),
(217, '1', 2, 31, 4, '2006-11-19'),
(218, '1', 2, 9, 4, '2006-11-19'),
(219, '1', 1, 20, 6, '2006-11-19'),
(220, '10', 9, 6, 7, '2006-11-21'),
(221, '10', 9, 9, 7, '2006-11-21'),
(222, '5', 9, 31, 7, '2006-11-21'),
(223, '2', 22, 24, 17, '2006-11-22'),
(224, '2', 7, 30, 11, '2006-11-22'),
(225, '1', 7, 37, 11, '2006-11-22'),
(226, '1', 26, 19, 26, '2006-11-23'),
(227, '1', 26, 39, 26, '2006-11-23'),
(228, '4', 26, 40, 26, '2006-11-23'),
(229, '50', 28, 22, 18, '2006-11-24'),
(230, '20', 28, 23, 18, '2006-11-24'),
(231, '30', 28, 24, 18, '2006-11-24'),
(232, '1', 3, 21, 11, '2006-11-25'),
(233, '1', 3, 2, 11, '2006-11-25'),
(234, '1', 3, 13, 11, '2006-11-25'),
(235, '1', 14, 9, 17, '2006-11-26'),
(236, '5', 18, 10, 4, '2006-11-26'),
(237, '1', 18, 11, 4, '2006-11-26'),
(238, '1', 25, 18, 23, '2006-11-27'),
(239, '1', 25, 20, 23, '2006-11-27'),
(240, '2', 25, 25, 23, '2006-11-27'),
(241, '3', 12, 30, 21, '2006-11-28'),
(242, '1', 12, 33, 21, '2006-11-28'),
(243, '1', 12, 37, 21, '2006-11-28'),
(244, '4', 19, 26, 19, '2006-11-29'),
(245, '1', 20, 37, 28, '2006-11-29'),
(246, '1', 20, 40, 28, '2006-11-29'),
(247, '30', 6, 24, 5, '2006-12-01'),
(248, '10', 10, 36, 5, '2006-12-01'),
(249, '50', 10, 37, 5, '2006-12-01'),
(250, '30', 17, 20, 12, '2006-12-02'),
(251, '30', 17, 40, 12, '2006-12-02'),
(252, '10', 17, 46, 12, '2006-12-02'),
(253, '1', 20, 10, 19, '2006-12-03'),
(254, '1', 21, 13, 29, '2006-12-03'),
(255, '1', 21, 20, 29, '2006-12-03'),
(256, '30', 13, 16, 8, '2006-12-04'),
(257, '30', 13, 17, 8, '2006-12-04'),
(258, '100', 13, 19, 8, '2006-12-04'),
(259, '1', 15, 19, 16, '2006-12-05'),
(260, '1', 15, 42, 16, '2006-12-05'),
(261, '1', 15, 18, 16, '2006-12-05'),
(262, '1', 1, 1, 11, '2006-12-06'),
(263, '1', 1, 8, 11, '2006-12-06'),
(264, '1', 9, 21, 22, '2006-12-06'),
(265, '100', 16, 18, 18, '2006-12-07'),
(266, '1', 12, 24, 23, '2006-12-07'),
(267, '1', 12, 10, 23, '2006-12-07'),
(268, '1', 18, 6, 25, '2006-12-08'),
(269, '1', 18, 9, 25, '2006-12-08'),
(270, '1', 18, 31, 25, '2006-12-08'),
(271, '50', 27, 39, 7, '2006-12-09'),
(272, '20', 27, 44, 7, '2006-12-09'),
(273, '1', 26, 13, 14, '2006-12-09'),
(274, '10', 30, 31, 8, '2006-12-11'),
(275, '1', 25, 20, 21, '2006-12-11'),
(276, '1', 25, 17, 21, '2006-12-11'),
(277, '30', 23, 40, 12, '2006-12-12'),
(278, '1', 7, 20, 17, '2006-12-12'),
(279, '1', 7, 2, 17, '2006-12-12'),
(280, '1', 8, 6, 23, '2006-12-13'),
(281, '2', 8, 26, 23, '2006-12-13'),
(282, '1', 8, 28, 23, '2006-12-13'),
(283, '1', 3, 35, 28, '2006-12-14'),
(284, '1', 3, 44, 28, '2006-12-14'),
(285, '2', 2, 49, 29, '2006-12-14'),
(286, '2', 14, 16, 20, '2006-12-15'),
(287, '2', 14, 17, 20, '2006-12-15'),
(288, '1', 14, 19, 20, '2006-12-15'),
(289, '1', 20, 9, 11, '2006-12-16'),
(290, '1', 20, 13, 11, '2006-12-16'),
(291, '3', 20, 15, 11, '2006-12-16'),
(292, '1', 19, 25, 4, '2006-12-17'),
(293, '1', 19, 30, 4, '2006-12-17'),
(294, '1', 19, 27, 4, '2006-12-17'),
(295, '50', 28, 23, 5, '2006-12-18'),
(296, '1', 4, 29, 6, '2006-12-18'),
(297, '1', 4, 21, 6, '2006-12-18'),
(298, '30', 11, 11, 18, '2006-12-19'),
(299, '1', 5, 7, 20, '2006-12-19'),
(300, '1', 5, 12, 20, '2006-12-19'),
(301, '2', 18, 31, 11, '2006-12-21'),
(302, '1', 18, 31, 11, '2006-12-21'),
(303, '1', 18, 17, 11, '2006-12-21'),
(304, '1', 22, 3, 19, '2006-12-22'),
(305, '1', 22, 12, 19, '2006-12-22'),
(306, '2', 22, 14, 19, '2006-12-22'),
(307, '1', 21, 19, 25, '2006-12-23'),
(308, '1', 21, 39, 25, '2006-12-23'),
(309, '3', 21, 44, 25, '2006-12-23'),
(310, '1', 29, 22, 11, '2006-12-24'),
(311, '1', 29, 36, 11, '2006-12-24'),
(312, '1', 29, 39, 11, '2006-12-24'),
(313, '1', 12, 16, 23, '2006-12-25'),
(314, '4', 12, 17, 23, '2006-12-25'),
(315, '1', 20, 18, 25, '2006-12-25'),
(316, '1', 1, 42, 11, '2006-12-26'),
(317, '1', 1, 46, 11, '2006-12-26'),
(318, '2', 1, 18, 11, '2006-12-26'),
(319, '1', 5, 4, 29, '2006-12-27'),
(320, '1', 5, 5, 29, '2006-12-27'),
(321, '1', 5, 32, 29, '2006-12-27'),
(322, '1', 8, 31, 28, '2006-12-28'),
(323, '1', 8, 9, 28, '2006-12-28'),
(324, '1', 8, 20, 28, '2006-12-28'),
(325, '2', 15, 6, 19, '2006-12-29'),
(326, '2', 15, 21, 19, '2006-12-29'),
(327, '1', 21, 34, 21, '2006-12-29'),
(328, '1', 14, 24, 4, '2006-12-30'),
(329, '1', 14, 30, 4, '2006-12-30'),
(330, '1', 14, 37, 4, '2006-12-30'),
(331, '1', 29, 19, 17, '2006-12-31'),
(332, '1', 29, 39, 17, '2006-12-31'),
(333, '1', 29, 40, 17, '2006-12-31'),
(334, '1', 29, 43, 17, '2006-12-31'),
(335, '2', 29, 11, 17, '2006-12-31'),
(336, '1', 8, 13, 16, '2006-12-31'),
(337, '1', 8, 21, 16, '2006-12-31'),
(338, '1', 8, 2, 16, '2006-12-31'),
(339, '2', 8, 13, 16, '2006-12-31'),
(340, '1', 4, 9, 11, '2006-12-31'),
(341, '1', 4, 10, 11, '2006-12-31'),
(342, '1', 4, 12, 11, '2006-12-31'),
(343, '1', 4, 14, 11, '2007-01-04'),
(344, '2', 7, 19, 16, '2007-01-04'),
(345, '1', 7, 39, 16, '2007-01-04'),
(346, '15', 10, 44, 18, '2007-01-05'),
(347, '30', 10, 22, 18, '2007-01-05'),
(348, '30', 10, 36, 18, '2007-01-05'),
(349, '1', 1, 39, 20, '2007-01-06'),
(350, '1', 1, 16, 20, '2007-01-06'),
(351, '20', 17, 17, 7, '2007-01-06'),
(352, '1', 20, 18, 21, '2007-01-07'),
(353, '1', 21, 42, 25, '2007-01-07'),
(354, '1', 21, 46, 25, '2007-01-07'),
(355, '2', 8, 18, 6, '2007-01-08'),
(356, '1', 8, 4, 6, '2007-01-08'),
(357, '1', 8, 5, 6, '2007-01-08'),
(358, '10', 16, 32, 8, '2007-01-09'),
(359, '30', 16, 31, 8, '2007-01-09'),
(360, '1', 26, 9, 25, '2007-01-09'),
(361, '24', 9, 20, 7, '2007-01-11'),
(362, '1', 2, 6, 21, '2007-01-11'),
(363, '1', 2, 21, 21, '2007-01-11'),
(364, '5', 6, 34, 7, '2007-01-12'),
(365, '30', 23, 16, 12, '2007-01-12'),
(366, '30', 23, 17, 12, '2007-01-12'),
(367, '2', 29, 18, 21, '2007-01-13'),
(368, '1', 29, 19, 21, '2007-01-13'),
(369, '1', 29, 39, 21, '2007-01-13'),
(370, '120', 27, 40, 18, '2007-01-14'),
(371, '1', 8, 43, 19, '2007-01-14'),
(372, '1', 8, 11, 19, '2007-01-14'),
(373, '30', 11, 9, 5, '2007-01-15'),
(374, '30', 11, 10, 5, '2007-01-15'),
(375, '50', 11, 11, 5, '2007-01-15'),
(376, '1', 15, 13, 23, '2007-01-16'),
(377, '1', 15, 9, 23, '2007-01-16'),
(378, '1', 15, 10, 23, '2007-01-16'),
(379, '1', 18, 11, 22, '2007-01-17'),
(380, '2', 18, 18, 22, '2007-01-17'),
(381, '1', 18, 20, 22, '2007-01-17'),
(382, '1', 7, 25, 17, '2007-01-18'),
(383, '1', 7, 30, 17, '2007-01-18'),
(384, '1', 7, 33, 17, '2007-01-18'),
(385, '3', 12, 37, 25, '2007-01-19'),
(386, '1', 12, 26, 25, '2007-01-19'),
(387, '60', 13, 37, 8, '2007-01-19'),
(388, '1', 22, 40, 4, '2007-01-21'),
(389, '1', 22, 2, 4, '2007-01-21'),
(390, '1', 19, 10, 25, '2007-01-21'),
(391, '3', 28, 11, 21, '2007-01-22'),
(392, '1', 8, 47, 21, '2007-01-22'),
(393, '1', 8, 48, 21, '2007-01-22'),
(394, '1', 25, 39, 19, '2007-01-23'),
(395, '1', 25, 10, 19, '2007-01-23'),
(396, '1', 25, 13, 19, '2007-01-23'),
(397, '30', 30, 20, 5, '2007-01-24'),
(398, '80', 30, 22, 5, '2007-01-24'),
(399, '60', 30, 23, 5, '2007-01-24'),
(400, '1', 3, 24, 17, '2007-01-25'),
(401, '2', 3, 19, 17, '2007-01-25'),
(402, '1', 3, 42, 17, '2007-01-25'),
(403, '1', 14, 18, 21, '2007-01-26'),
(404, '1', 14, 1, 21, '2007-01-26'),
(405, '3', 14, 8, 21, '2007-01-26'),
(406, '1', 4, 21, 29, '2007-01-27'),
(407, '1', 4, 20, 29, '2007-01-27'),
(408, '1', 4, 24, 29, '2007-01-27'),
(409, '1', 5, 10, 27, '2007-01-28'),
(410, '1', 5, 6, 27, '2007-01-28'),
(411, '2', 5, 9, 27, '2007-01-28'),
(412, '1', 20, 31, 4, '2007-01-29'),
(413, '1', 20, 11, 4, '2007-01-29'),
(414, '1', 20, 12, 4, '2007-01-29'),
(415, '5', 21, 13, 11, '2007-01-31'),
(416, '1', 21, 22, 11, '2007-01-31'),
(417, '1', 21, 20, 11, '2007-01-31'),
(418, '1', 2, 17, 27, '2007-02-01'),
(419, '1', 2, 40, 27, '2007-02-01'),
(420, '1', 2, 20, 27, '2007-02-01'),
(421, '1', 8, 2, 6, '2007-02-02'),
(422, '8', 8, 6, 6, '2007-02-02'),
(423, '1', 8, 26, 6, '2007-02-02'),
(424, '50', 16, 19, 7, '2007-02-03'),
(425, '1', 22, 35, 21, '2007-02-03'),
(426, '1', 22, 44, 21, '2007-02-03'),
(427, '1', 3, 49, 4, '2007-02-04'),
(428, '1', 3, 16, 4, '2007-02-04'),
(429, '1', 3, 17, 4, '2007-02-04'),
(430, '1', 18, 19, 16, '2007-02-05'),
(431, '1', 19, 9, 16, '2007-02-05'),
(432, '1', 19, 13, 16, '2007-02-05'),
(433, '20', 17, 20, 12, '2007-02-06'),
(434, '50', 17, 39, 12, '2007-02-06'),
(435, '30', 17, 40, 12, '2007-02-06'),
(436, '1', 8, 27, 17, '2007-02-07'),
(437, '1', 8, 23, 17, '2007-02-07'),
(438, '1', 8, 29, 17, '2007-02-07'),
(439, '1', 12, 21, 21, '2007-02-08'),
(440, '1', 12, 1, 21, '2007-02-08'),
(441, '180', 6, 21, 8, '2007-02-08'),
(442, '20', 11, 10, 7, '2007-02-09'),
(443, '1', 1, 31, 11, '2007-02-09'),
(444, '1', 1, 31, 11, '2007-02-09'),
(445, '20', 9, 6, 7, '2007-02-11'),
(446, '30', 9, 9, 7, '2007-02-11'),
(447, '30', 9, 31, 7, '2007-02-11'),
(448, '1', 4, 14, 6, '2007-02-12'),
(449, '1', 4, 19, 6, '2007-02-12'),
(450, '1', 4, 39, 6, '2007-02-12'),
(451, '1', 8, 44, 22, '2007-02-13'),
(452, '1', 8, 22, 22, '2007-02-13'),
(453, '1', 8, 36, 22, '2007-02-13'),
(454, '1', 20, 39, 29, '2007-02-14'),
(455, '1', 20, 16, 29, '2007-02-14'),
(456, '1', 20, 17, 29, '2007-02-14'),
(457, '50', 28, 22, 12, '2007-02-15'),
(458, '50', 28, 23, 12, '2007-02-15'),
(459, '50', 28, 24, 12, '2007-02-15'),
(460, '30', 23, 18, 7, '2007-02-16'),
(461, '20', 23, 19, 7, '2007-02-16'),
(462, '1', 8, 5, 22, '2007-02-16'),
(463, '1', 21, 32, 11, '2007-02-17'),
(464, '1', 21, 31, 11, '2007-02-17'),
(465, '2', 21, 9, 11, '2007-02-17'),
(466, '1', 15, 20, 6, '2007-02-18'),
(467, '1', 14, 6, 4, '2007-02-18'),
(468, '1', 14, 21, 4, '2007-02-18'),
(469, '1', 4, 34, 19, '2007-02-19'),
(470, '1', 4, 24, 19, '2007-02-19'),
(471, '1', 7, 30, 27, '2007-02-19'),
(472, '20', 10, 36, 5, '2007-02-21'),
(473, '80', 10, 37, 5, '2007-02-21'),
(474, '100', 10, 39, 5, '2007-02-21'),
(475, '1', 5, 40, 29, '2007-02-22'),
(476, '1', 5, 43, 29, '2007-02-22'),
(477, '1', 5, 11, 29, '2007-02-22'),
(478, '1', 26, 13, 21, '2007-02-23'),
(479, '1', 29, 21, 23, '2007-02-23'),
(480, '1', 29, 2, 23, '2007-02-23'),
(481, '50', 13, 16, 18, '2007-02-24'),
(482, '1', 25, 9, 19, '2007-02-24'),
(483, '1', 25, 10, 19, '2007-02-24'),
(484, '1', 8, 11, 25, '2007-02-25'),
(485, '1', 8, 18, 25, '2007-02-25'),
(486, '1', 8, 20, 25, '2007-02-25'),
(487, '20', 30, 17, 8, '2007-02-26'),
(488, '20', 30, 31, 8, '2007-02-26'),
(489, '10', 30, 41, 8, '2007-02-26'),
(490, '60', 27, 50, 7, '2007-02-27'),
(491, '1', 25, 26, 17, '2007-02-27'),
(492, '1', 25, 37, 17, '2007-02-27'),
(493, '1', 12, 40, 6, '2007-02-28'),
(494, '1', 12, 2, 6, '2007-02-28'),
(495, '1', 12, 10, 6, '2007-02-28'),
(501, '1', 4, 13, 26, '2007-03-01'),
(502, '1', 4, 20, 26, '2007-03-01'),
(503, '1', 4, 22, 26, '2007-03-01'),
(504, '35', 13, 23, 12, '2007-03-01'),
(505, '1', 21, 24, 28, '2007-03-02'),
(506, '1', 21, 19, 28, '2007-03-02'),
(507, '1', 21, 42, 28, '2007-03-02'),
(508, '1', 12, 18, 11, '2007-03-03'),
(509, '1', 12, 1, 11, '2007-03-03'),
(510, '1', 12, 8, 11, '2007-03-03'),
(511, '100', 6, 21, 18, '2007-03-04'),
(512, '40', 6, 20, 18, '2007-03-04'),
(513, '60', 6, 24, 18, '2007-03-04'),
(514, '1', 8, 10, 6, '2007-03-05'),
(515, '1', 8, 6, 6, '2007-03-05'),
(516, '2', 8, 9, 6, '2007-03-05'),
(517, '1', 1, 31, 17, '2007-03-06'),
(518, '1', 1, 11, 17, '2007-03-06'),
(519, '1', 1, 12, 17, '2007-03-06'),
(520, '1', 3, 13, 27, '2007-03-07'),
(521, '3', 2, 4, 27, '2007-03-07'),
(522, '1', 2, 5, 27, '2007-03-07'),
(523, '1', 19, 32, 16, '2007-03-08'),
(524, '1', 19, 31, 16, '2007-03-08'),
(525, '2', 19, 9, 16, '2007-03-08'),
(526, '1', 26, 20, 20, '2007-03-09'),
(527, '1', 26, 6, 20, '2007-03-09'),
(528, '80', 10, 21, 5, '2007-03-09'),
(529, '5', 16, 34, 5, '2007-03-11'),
(530, '20', 16, 24, 5, '2007-03-11'),
(531, '50', 16, 31, 5, '2007-03-11'),
(532, '1', 29, 37, 21, '2007-03-12'),
(533, '1', 29, 19, 21, '2007-03-12'),
(534, '1', 28, 39, 27, '2007-03-12'),
(535, '5', 8, 40, 29, '2007-03-13'),
(536, '1', 7, 43, 29, '2007-03-13'),
(537, '1', 7, 11, 29, '2007-03-13'),
(538, '20', 23, 16, 8, '2007-03-14'),
(539, '20', 23, 17, 8, '2007-03-14'),
(540, '20', 23, 18, 8, '2007-03-14'),
(541, '1', 20, 22, 11, '2007-03-15'),
(542, '4', 20, 20, 11, '2007-03-15'),
(543, '1', 20, 17, 11, '2007-03-15'),
(544, '3', 14, 40, 20, '2007-03-16'),
(545, '1', 14, 20, 20, '2007-03-16'),
(546, '1', 14, 2, 20, '2007-03-16'),
(547, '100', 11, 6, 7, '2007-03-17'),
(548, '1', 22, 26, 23, '2007-03-17'),
(549, '1', 22, 28, 23, '2007-03-17'),
(550, '1', 4, 35, 4, '2007-03-18'),
(551, '1', 4, 44, 4, '2007-03-18'),
(552, '1', 4, 49, 4, '2007-03-18'),
(553, '300', 17, 16, 8, '2007-03-19'),
(554, '1', 25, 17, 6, '2007-03-19'),
(555, '1', 25, 19, 6, '2007-03-19'),
(556, '1', 12, 9, 16, '2007-03-21'),
(557, '1', 12, 13, 16, '2007-03-21'),
(558, '1', 12, 15, 16, '2007-03-21'),
(559, '30', 9, 6, 18, '2007-03-22'),
(560, '80', 9, 9, 18, '2007-03-22'),
(561, '20', 9, 31, 18, '2007-03-22'),
(562, '1', 15, 23, 17, '2007-03-23'),
(563, '1', 15, 29, 17, '2007-03-23'),
(564, '1', 15, 21, 17, '2007-03-23'),
(565, '120', 27, 40, 7, '2007-03-24'),
(566, '1', 18, 7, 29, '2007-03-24'),
(567, '1', 18, 12, 29, '2007-03-24'),
(568, '2', 8, 31, 27, '2007-03-25'),
(569, '2', 8, 31, 27, '2007-03-25'),
(570, '2', 8, 17, 27, '2007-03-25'),
(571, '2', 5, 3, 14, '2007-03-26'),
(572, '1', 5, 12, 14, '2007-03-26'),
(573, '1', 5, 14, 14, '2007-03-26'),
(574, '1', 25, 19, 6, '2007-03-27'),
(575, '1', 25, 39, 6, '2007-03-27'),
(576, '1', 25, 44, 6, '2007-03-27'),
(577, '50', 30, 22, 8, '2007-03-28'),
(578, '50', 30, 23, 8, '2007-03-28'),
(579, '70', 30, 24, 8, '2007-03-28'),
(580, '1', 12, 16, 22, '2007-03-29'),
(581, '1', 12, 17, 22, '2007-03-29'),
(582, '3', 8, 18, 4, '2007-03-29'),
(583, '3', 4, 42, 14, '2007-03-31'),
(584, '1', 1, 46, 4, '2007-03-31'),
(585, '2', 1, 18, 4, '2007-03-31'),
(586, '2', 2, 4, 17, '2007-04-01'),
(587, '2', 2, 5, 17, '2007-04-01'),
(588, '2', 2, 32, 17, '2007-04-01'),
(589, '1', 12, 31, 21, '2007-04-02'),
(590, '1', 12, 9, 21, '2007-04-02'),
(591, '1', 12, 20, 21, '2007-04-02'),
(592, '50', 17, 40, 12, '2007-04-03'),
(593, '1', 25, 21, 30, '2007-04-03'),
(594, '1', 25, 34, 30, '2007-04-03'),
(595, '30', 28, 24, 5, '2007-04-04'),
(596, '10', 28, 31, 5, '2007-04-04'),
(597, '50', 28, 37, 5, '2007-04-04'),
(598, '1', 15, 19, 14, '2007-04-05'),
(599, '1', 15, 39, 14, '2007-04-05'),
(600, '1', 15, 40, 14, '2007-04-05'),
(601, '320', 10, 43, 12, '2007-04-06'),
(602, '1', 8, 11, 30, '2007-04-06'),
(603, '1', 8, 13, 30, '2007-04-06'),
(604, '1', 3, 21, 4, '2007-04-07'),
(605, '1', 3, 2, 4, '2007-04-07'),
(606, '1', 3, 13, 4, '2007-04-07'),
(607, '50', 9, 9, 7, '2007-04-08'),
(608, '50', 9, 10, 7, '2007-04-08'),
(609, '50', 9, 11, 7, '2007-04-08'),
(610, '1', 14, 18, 19, '2007-04-09'),
(611, '1', 14, 20, 19, '2007-04-09'),
(612, '1', 14, 25, 19, '2007-04-09'),
(613, '1', 20, 30, 30, '2007-04-11'),
(614, '1', 21, 33, 14, '2007-04-11'),
(615, '1', 21, 37, 14, '2007-04-11'),
(616, '1', 29, 26, 30, '2007-04-12'),
(617, '1', 29, 37, 30, '2007-04-12'),
(618, '1', 29, 40, 30, '2007-04-12'),
(619, '1', 4, 2, 29, '2007-04-13'),
(620, '1', 4, 10, 29, '2007-04-13'),
(621, '1', 4, 11, 29, '2007-04-13'),
(622, '1', 1, 47, 30, '2007-04-14'),
(623, '1', 1, 48, 30, '2007-04-14'),
(624, '1', 1, 39, 30, '2007-04-14'),
(625, '1', 15, 10, 14, '2007-04-15'),
(626, '1', 15, 13, 14, '2007-04-15'),
(627, '1', 15, 20, 14, '2007-04-15'),
(628, '1', 5, 22, 30, '2007-04-16'),
(629, '1', 5, 23, 30, '2007-04-16'),
(630, '1', 5, 24, 30, '2007-04-16'),
(631, '200', 16, 19, 7, '2007-04-17'),
(632, '1', 7, 42, 26, '2007-04-17'),
(633, '1', 7, 18, 26, '2007-04-17'),
(634, '1', 22, 1, 14, '2007-04-18'),
(635, '1', 22, 8, 14, '2007-04-18'),
(636, '1', 22, 21, 14, '2007-04-18'),
(637, '80', 23, 20, 5, '2007-04-19'),
(638, '50', 23, 24, 5, '2007-04-19'),
(639, '50', 23, 10, 5, '2007-04-19'),
(640, '20', 11, 6, 18, '2007-04-21'),
(641, '20', 11, 9, 18, '2007-04-21'),
(642, '30', 11, 31, 18, '2007-04-21'),
(643, '100', 6, 11, 7, '2007-04-22'),
(644, '100', 6, 16, 7, '2007-04-22'),
(645, '100', 6, 17, 7, '2007-04-22'),
(646, '1', 19, 22, 30, '2007-04-23'),
(647, '1', 19, 20, 30, '2007-04-23'),
(648, '50', 27, 17, 8, '2007-04-23'),
(649, '1', 8, 40, 29, '2007-04-24'),
(650, '1', 8, 20, 29, '2007-04-24'),
(651, '4', 8, 2, 29, '2007-04-24'),
(652, '5', 12, 6, 30, '2007-04-25'),
(653, '1', 12, 26, 30, '2007-04-25'),
(654, '1', 12, 28, 30, '2007-04-25'),
(655, '1', 18, 35, 16, '2007-04-26'),
(656, '1', 18, 44, 16, '2007-04-26'),
(657, '10', 26, 49, 27, '2007-04-26'),
(658, '1', 26, 16, 27, '2007-04-27'),
(659, '1', 26, 17, 27, '2007-04-27'),
(660, '1', 26, 19, 27, '2007-04-27'),
(661, '50', 30, 17, 18, '2007-04-28'),
(662, '30', 30, 31, 18, '2007-04-28'),
(663, '50', 30, 41, 18, '2007-04-28'),
(664, '1', 1, 25, 11, '2007-04-29'),
(665, '1', 1, 30, 11, '2007-04-29'),
(666, '1', 1, 27, 11, '2007-04-29'),
(667, '1', 4, 23, 28, '2007-04-29'),
(668, '30', 13, 11, 5, '2007-04-29'),
(669, '1', 5, 21, 19, '2007-05-01'),
(670, '1', 5, 1, 19, '2007-05-01'),
(671, '1', 5, 7, 19, '2007-05-01'),
(672, '1', 15, 12, 30, '2007-05-01'),
(673, '1', 15, 31, 30, '2007-05-02'),
(674, '30', 23, 31, 12, '2007-05-02'),
(675, '50', 11, 17, 5, '2007-05-02'),
(676, '1', 29, 3, 28, '2007-05-03'),
(677, '1', 29, 12, 28, '2007-05-03'),
(678, '1', 2, 14, 20, '2007-05-03'),
(679, '1', 2, 19, 20, '2007-05-04'),
(680, '1', 2, 39, 20, '2007-05-04'),
(681, '30', 10, 44, 12, '2007-05-04'),
(682, '50', 10, 22, 12, '2007-05-05'),
(683, '60', 10, 36, 12, '2007-05-05'),
(684, '1', 19, 39, 11, '2007-05-05'),
(685, '1', 19, 16, 11, '2007-05-06'),
(686, '2', 19, 17, 11, '2007-05-06'),
(687, '1', 12, 18, 30, '2007-05-06'),
(688, '1', 12, 42, 30, '2007-05-07'),
(689, '1', 12, 46, 30, '2007-05-07'),
(690, '25', 17, 18, 8, '2007-05-07'),
(691, '1', 25, 4, 17, '2007-05-08'),
(692, '1', 25, 5, 17, '2007-05-08'),
(693, '1', 8, 32, 19, '2007-05-08'),
(694, '1', 8, 31, 21, '2007-05-09'),
(695, '1', 8, 9, 21, '2007-05-09'),
(696, '20', 27, 20, 7, '2007-05-09'),
(697, '30', 27, 6, 7, '2007-05-11'),
(698, '90', 27, 21, 7, '2007-05-11'),
(699, '1', 14, 34, 11, '2007-05-11'),
(700, '1', 7, 24, 14, '2007-05-12'),
(701, '1', 7, 30, 14, '2007-05-12'),
(702, '45', 13, 16, 8, '2007-05-12'),
(703, '1', 4, 19, 30, '2007-05-13'),
(704, '1', 4, 39, 30, '2007-05-13'),
(705, '1', 4, 40, 30, '2007-05-13'),
(706, '1', 18, 43, 25, '2007-05-14'),
(707, '1', 18, 11, 25, '2007-05-14'),
(708, '35', 28, 22, 12, '2007-05-14'),
(709, '20', 9, 6, 18, '2007-05-15'),
(710, '20', 9, 9, 18, '2007-05-15'),
(711, '30', 9, 31, 18, '2007-05-15'),
(712, '1', 1, 9, 28, '2007-05-16'),
(713, '1', 1, 10, 28, '2007-05-16'),
(714, '1', 1, 11, 28, '2007-05-16'),
(715, '60', 6, 21, 5, '2007-05-17'),
(716, '30', 16, 17, 12, '2007-05-17'),
(717, '30', 16, 18, 12, '2007-05-17'),
(718, '30', 16, 19, 12, '2007-05-18'),
(719, '1', 21, 33, 21, '2007-05-18'),
(720, '1', 21, 37, 21, '2007-05-18'),
(721, '3', 29, 26, 17, '2007-05-19'),
(722, '10', 20, 37, 27, '2007-05-19'),
(723, '1', 20, 40, 27, '2007-05-19'),
(724, '1', 12, 2, 28, '2007-05-21'),
(725, '1', 12, 10, 28, '2007-05-21'),
(726, '8', 12, 11, 28, '2007-05-21'),
(727, '1', 3, 47, 30, '2007-05-22'),
(728, '1', 3, 48, 30, '2007-05-22'),
(729, '1', 3, 39, 30, '2007-05-22'),
(730, '1', 26, 10, 16, '2007-05-23'),
(731, '6', 29, 13, 16, '2007-05-23'),
(732, '1', 29, 20, 16, '2007-05-23'),
(733, '1', 8, 22, 25, '2007-05-24'),
(734, '1', 8, 23, 25, '2007-05-24'),
(735, '1', 22, 24, 30, '2007-05-24'),
(736, '1', 5, 19, 29, '2007-05-25'),
(737, '2', 5, 42, 29, '2007-05-25'),
(738, '1', 5, 18, 29, '2007-05-25'),
(739, '1', 4, 1, 30, '2007-05-26'),
(740, '1', 4, 8, 30, '2007-05-26'),
(741, '1', 4, 21, 30, '2007-05-26'),
(742, '20', 30, 31, 8, '2007-05-27'),
(743, '50', 30, 17, 8, '2007-05-27'),
(744, '50', 30, 18, 8, '2007-05-27'),
(745, '1', 21, 6, 25, '2007-05-28'),
(746, '1', 21, 9, 25, '2007-05-28'),
(747, '1', 22, 31, 30, '2007-05-28'),
(748, '30', 11, 11, 7, '2007-05-29'),
(749, '20', 11, 9, 7, '2007-05-29'),
(750, '20', 11, 10, 7, '2007-05-29'),
(751, '1', 22, 4, 28, '2007-05-31'),
(752, '1', 22, 5, 28, '2007-05-31'),
(753, '1', 22, 32, 28, '2007-05-31'),
(754, '1', 15, 31, 30, '2007-06-01'),
(755, '1', 15, 9, 30, '2007-06-01'),
(756, '1', 15, 20, 30, '2007-06-01'),
(757, '50', 6, 24, 18, '2007-06-02'),
(758, '50', 6, 21, 18, '2007-06-02'),
(759, '50', 6, 22, 18, '2007-06-02'),
(760, '60', 28, 22, 12, '2007-06-03'),
(761, '30', 28, 23, 12, '2007-06-03'),
(762, '45', 28, 24, 12, '2007-06-03'),
(763, '1', 8, 19, 11, '2007-06-04'),
(764, '1', 8, 39, 11, '2007-06-04'),
(765, '1', 8, 40, 11, '2007-06-04'),
(766, '1', 12, 43, 16, '2007-06-05'),
(767, '1', 12, 11, 16, '2007-06-05'),
(768, '1', 12, 13, 16, '2007-06-05'),
(769, '50', 17, 20, 5, '2007-06-06'),
(770, '1', 20, 2, 30, '2007-06-06'),
(771, '1', 20, 13, 30, '2007-06-06'),
(772, '20', 10, 36, 7, '2007-06-07'),
(773, '50', 10, 37, 7, '2007-06-07'),
(774, '30', 10, 39, 7, '2007-06-07'),
(775, '1', 14, 18, 29, '2007-06-08'),
(776, '1', 14, 20, 29, '2007-06-08'),
(777, '3', 19, 25, 30, '2007-06-08'),
(778, '5', 1, 30, 28, '2007-06-09'),
(779, '1', 1, 33, 28, '2007-06-09'),
(780, '1', 1, 37, 28, '2007-06-09'),
(781, '1', 4, 26, 16, '2007-06-11'),
(782, '1', 4, 37, 16, '2007-06-11'),
(783, '1', 4, 40, 16, '2007-06-11'),
(784, '30', 27, 39, 8, '2007-06-12'),
(785, '20', 27, 44, 8, '2007-06-12'),
(786, '1', 29, 11, 30, '2007-06-12'),
(787, '35', 13, 16, 5, '2007-06-13'),
(788, '1', 5, 48, 6, '2007-06-13'),
(789, '1', 5, 39, 6, '2007-06-13'),
(790, '1', 2, 10, 30, '2007-06-14'),
(791, '1', 2, 13, 30, '2007-06-14'),
(792, '1', 2, 20, 30, '2007-06-14'),
(793, '50', 11, 22, 5, '2007-06-15'),
(794, '50', 11, 23, 5, '2007-06-15'),
(795, '50', 11, 24, 5, '2007-06-15'),
(796, '50', 23, 19, 12, '2007-06-16'),
(797, '30', 9, 31, 7, '2007-06-16'),
(798, '15', 9, 32, 7, '2007-06-16'),
(799, '1', 8, 1, 30, '2007-06-17'),
(800, '1', 8, 8, 30, '2007-06-17'),
(801, '1', 8, 21, 30, '2007-06-17'),
(802, '80', 16, 19, 7, '2007-06-18'),
(803, '1', 19, 24, 29, '2007-06-18'),
(804, '1', 19, 10, 29, '2007-06-18'),
(805, '5', 18, 6, 28, '2007-06-19'),
(806, '1', 18, 9, 28, '2007-06-19'),
(807, '1', 18, 31, 28, '2007-06-19'),
(808, '8', 26, 11, 27, '2007-06-21'),
(809, '1', 21, 12, 25, '2007-06-21'),
(810, '1', 21, 13, 25, '2007-06-21'),
(811, '1', 4, 22, 11, '2007-06-22'),
(812, '1', 26, 20, 6, '2007-06-22'),
(813, '3', 26, 17, 6, '2007-06-22'),
(814, '2', 7, 40, 14, '2007-06-23'),
(815, '1', 7, 20, 14, '2007-06-23'),
(816, '1', 7, 2, 14, '2007-06-23'),
(817, '1', 22, 6, 16, '2007-06-24'),
(818, '1', 3, 26, 27, '2007-06-24'),
(819, '3', 3, 28, 27, '2007-06-24'),
(820, '1', 25, 35, 30, '2007-06-25'),
(821, '1', 25, 44, 30, '2007-06-25'),
(822, '2', 25, 49, 30, '2007-06-25'),
(823, '2', 12, 16, 28, '2007-06-26'),
(824, '1', 12, 17, 28, '2007-06-26'),
(825, '1', 12, 19, 28, '2007-06-26'),
(826, '1', 4, 9, 4, '2007-06-27'),
(827, '1', 4, 13, 4, '2007-06-27'),
(828, '1', 4, 15, 4, '2007-06-27'),
(829, '50', 30, 31, 18, '2007-06-28'),
(830, '20', 30, 32, 18, '2007-06-28'),
(831, '30', 30, 11, 18, '2007-06-28'),
(832, '1', 1, 23, 11, '2007-06-29'),
(833, '1', 1, 29, 11, '2007-06-29'),
(834, '10', 12, 21, 16, '2007-06-29'),
(835, '1', 22, 1, 28, '2007-06-29'),
(836, '1', 22, 7, 28, '2007-06-29'),
(837, '1', 22, 12, 28, '2007-06-29'),
(838, '8', 3, 31, 30, '2007-07-01'),
(839, '1', 3, 31, 30, '2007-07-01'),
(840, '1', 3, 17, 30, '2007-07-01'),
(841, '15', 10, 31, 12, '2007-07-02'),
(842, '30', 10, 9, 12, '2007-07-02'),
(843, '10', 10, 10, 12, '2007-07-02'),
(844, '1', 4, 19, 23, '2007-07-03'),
(845, '25', 27, 39, 7, '2007-07-03'),
(846, '10', 27, 44, 7, '2007-07-03'),
(847, '1', 12, 22, 25, '2007-07-04'),
(848, '1', 12, 36, 25, '2007-07-04'),
(849, '1', 12, 39, 25, '2007-07-04'),
(850, '30', 6, 25, 8, '2007-07-05'),
(851, '1', 20, 17, 30, '2007-07-05'),
(852, '1', 20, 18, 30, '2007-07-05'),
(853, '20', 13, 18, 7, '2007-07-06'),
(854, '50', 23, 19, 8, '2007-07-06'),
(855, '10', 23, 18, 8, '2007-07-06'),
(856, '1', 15, 4, 30, '2007-07-07'),
(857, '3', 8, 5, 23, '2007-07-07'),
(858, '1', 8, 32, 23, '2007-07-07'),
(859, '1', 1, 24, 14, '2007-07-08'),
(860, '1', 1, 10, 14, '2007-07-08'),
(861, '1', 1, 6, 14, '2007-07-08'),
(862, '20', 17, 9, 7, '2007-07-09'),
(863, '20', 16, 31, 12, '2007-07-09'),
(864, '30', 16, 11, 12, '2007-07-09'),
(865, '1', 25, 12, 6, '2007-07-11'),
(866, '1', 26, 13, 30, '2007-07-11'),
(867, '2', 26, 22, 30, '2007-07-11'),
(868, '2', 14, 20, 22, '2007-07-12'),
(869, '1', 14, 17, 22, '2007-07-12'),
(870, '1', 15, 40, 6, '2007-07-12'),
(871, '1', 15, 20, 6, '2007-07-13'),
(872, '3', 15, 2, 6, '2007-07-13'),
(873, '3', 19, 6, 30, '2007-07-13'),
(874, '1', 22, 26, 17, '2007-07-14'),
(875, '1', 22, 28, 17, '2007-07-14'),
(876, '1', 22, 35, 17, '2007-07-14'),
(877, '30', 28, 22, 8, '2007-07-15'),
(878, '15', 28, 23, 8, '2007-07-15'),
(879, '30', 28, 24, 8, '2007-07-15'),
(880, '1', 7, 17, 30, '2007-07-16'),
(881, '1', 18, 19, 22, '2007-07-16'),
(882, '5', 8, 9, 11, '2007-07-16'),
(883, '1', 8, 13, 11, '2007-07-17'),
(884, '6', 4, 15, 6, '2007-07-17'),
(885, '1', 4, 25, 6, '2007-07-17'),
(886, '1', 5, 30, 30, '2007-07-18'),
(887, '2', 5, 27, 30, '2007-07-18'),
(888, '1', 3, 23, 19, '2007-07-18'),
(889, '2', 2, 29, 23, '2007-07-19'),
(890, '1', 2, 21, 23, '2007-07-19'),
(891, '120', 23, 2, 5, '2007-07-19'),
(892, '1', 21, 7, 11, '2007-07-21'),
(893, '4', 21, 12, 11, '2007-07-21'),
(894, '1', 21, 31, 11, '2007-07-21'),
(895, '1', 29, 31, 4, '2007-07-22'),
(896, '2', 1, 17, 30, '2007-07-22'),
(897, '1', 1, 3, 30, '2007-07-22'),
(898, '3', 12, 12, 29, '2007-07-23'),
(899, '1', 12, 14, 29, '2007-07-23'),
(900, '1', 12, 19, 29, '2007-07-23'),
(901, '30', 23, 16, 18, '2007-07-24'),
(902, '30', 23, 17, 18, '2007-07-24'),
(903, '60', 23, 19, 18, '2007-07-24'),
(904, '1', 20, 36, 25, '2007-07-25'),
(905, '1', 20, 39, 25, '2007-07-25'),
(906, '1', 9, 16, 30, '2007-07-25'),
(907, '30', 30, 31, 5, '2007-07-26'),
(908, '50', 30, 11, 5, '2007-07-26'),
(909, '10', 30, 41, 5, '2007-07-26'),
(910, '20', 11, 9, 7, '2007-07-27'),
(911, '20', 11, 10, 7, '2007-07-27'),
(912, '50', 11, 11, 7, '2007-07-27'),
(913, '1', 22, 5, 30, '2007-07-28'),
(914, '1', 22, 32, 30, '2007-07-28'),
(915, '5', 22, 31, 30, '2007-07-28'),
(916, '8', 8, 9, 11, '2007-07-29'),
(917, '1', 8, 20, 11, '2007-07-29'),
(918, '1', 8, 6, 11, '2007-07-29'),
(919, '1', 15, 21, 16, '2007-07-31'),
(920, '1', 12, 34, 19, '2007-07-31'),
(921, '1', 12, 24, 19, '2007-07-31'),
(922, '30', 13, 16, 12, '2007-08-01'),
(923, '50', 13, 19, 12, '2007-08-01'),
(924, '1', 1, 19, 11, '2007-08-01'),
(925, '1', 18, 39, 30, '2007-08-02'),
(926, '1', 21, 40, 16, '2007-08-02'),
(927, '1', 21, 43, 16, '2007-08-02'),
(928, '1', 4, 11, 4, '2007-08-03'),
(929, '1', 4, 13, 4, '2007-08-03'),
(930, '1', 4, 21, 4, '2007-08-03'),
(931, '80', 23, 19, 18, '2007-08-04'),
(932, '50', 28, 22, 18, '2007-08-04'),
(933, '50', 28, 24, 18, '2007-08-04'),
(934, '1', 19, 10, 4, '2007-08-05'),
(935, '1', 19, 12, 4, '2007-08-05'),
(936, '6', 19, 14, 4, '2007-08-05'),
(937, '1', 8, 19, 30, '2007-08-06'),
(938, '1', 8, 39, 30, '2007-08-06'),
(939, '2', 8, 44, 30, '2007-08-06'),
(940, '1', 2, 22, 28, '2007-08-07'),
(941, '1', 5, 36, 25, '2007-08-07'),
(942, '1', 5, 39, 25, '2007-08-07'),
(943, '1', 20, 16, 23, '2007-08-08'),
(944, '3', 20, 17, 23, '2007-08-08'),
(945, '1', 3, 18, 19, '2007-08-08'),
(946, '1', 21, 42, 11, '2007-08-09'),
(947, '1', 21, 46, 11, '2007-08-09'),
(948, '1', 21, 18, 11, '2007-08-09'),
(949, '1', 26, 4, 30, '2007-08-11'),
(950, '50', 27, 39, 12, '2007-08-11'),
(951, '100', 27, 40, 12, '2007-08-11'),
(952, '80', 11, 31, 7, '2007-08-12'),
(953, '1', 4, 9, 30, '2007-08-12'),
(954, '1', 4, 20, 30, '2007-08-12'),
(955, '50', 16, 19, 8, '2007-08-13'),
(956, '1', 14, 21, 25, '2007-08-13'),
(957, '1', 14, 34, 25, '2007-08-13'),
(958, '1', 15, 24, 28, '2007-08-14'),
(959, '1', 15, 30, 28, '2007-08-14'),
(960, '1', 15, 37, 28, '2007-08-14'),
(961, '4', 22, 19, 30, '2007-08-15'),
(962, '1', 12, 39, 11, '2007-08-15'),
(963, '1', 12, 40, 11, '2007-08-15'),
(964, '1', 7, 43, 6, '2007-08-16'),
(965, '1', 7, 11, 6, '2007-08-16'),
(966, '1', 7, 13, 6, '2007-08-16'),
(967, '1', 29, 21, 30, '2007-08-17'),
(968, '80', 6, 21, 7, '2007-08-17'),
(969, '80', 6, 25, 7, '2007-08-17'),
(970, '20', 10, 36, 8, '2007-08-18'),
(971, '50', 10, 37, 8, '2007-08-18'),
(972, '30', 10, 39, 8, '2007-08-18'),
(973, '50', 17, 20, 5, '2007-08-19'),
(974, '1', 8, 20, 30, '2007-08-19'),
(975, '1', 8, 25, 30, '2007-08-19'),
(976, '1', 25, 30, 16, '2007-08-21'),
(977, '1', 25, 33, 16, '2007-08-21'),
(978, '1', 4, 37, 19, '2007-08-21'),
(979, '30', 9, 6, 5, '2007-08-22'),
(980, '30', 9, 9, 5, '2007-08-22'),
(981, '30', 9, 10, 5, '2007-08-22'),
(982, '1', 5, 2, 30, '2007-08-23'),
(983, '1', 5, 10, 30, '2007-08-23'),
(984, '1', 5, 11, 30, '2007-08-23'),
(985, '2', 8, 47, 25, '2007-08-24'),
(986, '1', 8, 48, 25, '2007-08-24'),
(987, '1', 8, 39, 25, '2007-08-24'),
(988, '3', 1, 10, 4, '2007-08-25'),
(989, '3', 1, 13, 4, '2007-08-25'),
(990, '3', 1, 20, 4, '2007-08-25'),
(991, '40', 30, 22, 12, '2007-08-26'),
(992, '20', 30, 23, 12, '2007-08-26'),
(993, '35', 30, 24, 12, '2007-08-26'),
(994, '1', 7, 19, 30, '2007-08-27'),
(995, '1', 7, 42, 30, '2007-08-27'),
(996, '10', 20, 18, 11, '2007-08-27'),
(997, '1', 25, 1, 14, '2007-08-28'),
(998, '1', 14, 8, 23, '2007-08-28'),
(999, '1', 12, 21, 14, '2007-08-28'),
(1000, '8', 12, 20, 25, '2007-08-29'),
(1001, '1', 12, 24, 25, '2007-08-29'),
(1002, '1', 12, 10, 25, '2007-08-29'),
(1003, '3', 3, 6, 30, '2007-08-31'),
(1004, '1', 3, 9, 30, '2007-08-31'),
(1005, '1', 3, 31, 30, '2007-08-31');

-- --------------------------------------------------------

--
-- テーブルの構造 `studio`
--

CREATE TABLE `studio` (
  `id` int(11) DEFAULT NULL,
  `name` varchar(50) DEFAULT NULL
) ENGINE=InnoDB DEFAULT CHARSET=utf8;

--
-- テーブルのデータのダンプ `studio`
--

INSERT INTO `studio` (`id`, `name`) VALUES
(1, 'Lucasfilm'),
(2, 'New Line Cinema'),
(3, 'Twentirth Century Fox Film'),
(4, 'Columbia Pictures'),
(5, 'Universal Pictures'),
(6, 'Artisan Entertainment'),
(7, 'Marvel Studios'),
(8, 'Lions Gate');

-- --------------------------------------------------------

--
-- テーブルの構造 `tb1_sample`
--

CREATE TABLE `tb1_sample` (
  `id` int(11) NOT NULL,
  `name` varchar(20) DEFAULT NULL,
  `age` int(11) DEFAULT NULL
) ENGINE=InnoDB DEFAULT CHARSET=utf8;

-- --------------------------------------------------------

--
-- テーブルの構造 `t_point`
--

CREATE TABLE `t_point` (
  `student_id` int(11) NOT NULL,
  `subject_id` varchar(2) NOT NULL,
  `point` int(11) NOT NULL
) ENGINE=InnoDB DEFAULT CHARSET=utf8;

--
-- テーブルのデータのダンプ `t_point`
--

INSERT INTO `t_point` (`student_id`, `subject_id`, `point`) VALUES
(1, 'CS', 85),
(1, 'DB', 12),
(1, 'JV', 32),
(2, 'CS', 29),
(2, 'JV', 72),
(3, 'CS', 85),
(3, 'DB', 34),
(3, 'JV', 50),
(4, 'CS', 95),
(4, 'DB', 29),
(4, 'JV', 89),
(5, 'DB', 5),
(5, 'JV', 87),
(6, 'DB', 7),
(6, 'JV', 61),
(7, 'CS', 42),
(7, 'DB', 27),
(7, 'JV', 38),
(8, 'CS', 59),
(8, 'DB', 78),
(8, 'JV', 86),
(9, 'CS', 21),
(9, 'DB', 91),
(9, 'JV', 53),
(10, 'CS', 6),
(10, 'DB', 37),
(10, 'JV', 1),
(11, 'CS', 94),
(11, 'DB', 37),
(11, 'JV', 98),
(12, 'CS', 49),
(12, 'DB', 16),
(12, 'JV', 11),
(13, 'CS', 45),
(13, 'DB', 48),
(13, 'JV', 92),
(14, 'CS', 82),
(14, 'JV', 27),
(15, 'CS', 50),
(15, 'DB', 10),
(16, 'CS', 24),
(16, 'DB', 40),
(16, 'JV', 13),
(17, 'CS', 82),
(17, 'DB', 83),
(17, 'JV', 35),
(18, 'CS', 70),
(18, 'DB', 53),
(18, 'JV', 5),
(19, 'CS', 91),
(19, 'DB', 2),
(19, 'JV', 69),
(20, 'CS', 68),
(20, 'DB', 9),
(20, 'JV', 3),
(21, 'CS', 43),
(21, 'DB', 5),
(21, 'JV', 54),
(22, 'CS', 73),
(22, 'DB', 20),
(22, 'JV', 97),
(23, 'CS', 90),
(23, 'DB', 14),
(23, 'JV', 67),
(24, 'CS', 93),
(24, 'DB', 20),
(24, 'JV', 64),
(25, 'CS', 29),
(25, 'DB', 89),
(25, 'JV', 20),
(26, 'CS', 19),
(26, 'DB', 89),
(26, 'JV', 3),
(27, 'CS', 73),
(27, 'DB', 65),
(27, 'JV', 16),
(28, 'CS', 4),
(28, 'DB', 34),
(28, 'JV', 23),
(29, 'CS', 70),
(29, 'DB', 36),
(29, 'JV', 60),
(30, 'CS', 26),
(30, 'DB', 81),
(30, 'JV', 48),
(31, 'CS', 45),
(31, 'DB', 4),
(31, 'JV', 26),
(32, 'CS', 54),
(32, 'DB', 8),
(32, 'JV', 9),
(33, 'CS', 38),
(33, 'DB', 32),
(33, 'JV', 19),
(34, 'CS', 64),
(34, 'DB', 69),
(34, 'JV', 57),
(35, 'CS', 31),
(35, 'DB', 30),
(35, 'JV', 43),
(36, 'DB', 32),
(36, 'JV', 72),
(37, 'CS', 95),
(37, 'DB', 93),
(37, 'JV', 57),
(38, 'DB', 87),
(38, 'JV', 29),
(39, 'CS', 18),
(39, 'DB', 50),
(39, 'JV', 49),
(40, 'CS', 16),
(40, 'DB', 49),
(40, 'JV', 27),
(41, 'CS', 94),
(41, 'DB', 68),
(41, 'JV', 28),
(42, 'CS', 93),
(42, 'DB', 47),
(42, 'JV', 94),
(43, 'CS', 0),
(43, 'DB', 28),
(43, 'JV', 83),
(44, 'CS', 40),
(44, 'DB', 74),
(44, 'JV', 2),
(45, 'CS', 65),
(45, 'DB', 93),
(45, 'JV', 31),
(46, 'CS', 78),
(46, 'DB', 84),
(46, 'JV', 26),
(47, 'CS', 8),
(47, 'DB', 87),
(47, 'JV', 11),
(48, 'CS', 14),
(48, 'DB', 21),
(48, 'JV', 85),
(49, 'CS', 33),
(49, 'DB', 1),
(49, 'JV', 50),
(50, 'CS', 76),
(50, 'DB', 64),
(50, 'JV', 9),
(51, 'CS', 96),
(51, 'DB', 96),
(52, 'CS', 63),
(52, 'DB', 45),
(52, 'JV', 65),
(53, 'CS', 85),
(53, 'DB', 24),
(53, 'JV', 13),
(54, 'CS', 62),
(54, 'DB', 17),
(54, 'JV', 99),
(55, 'CS', 34),
(55, 'DB', 40),
(55, 'JV', 76),
(56, 'CS', 79),
(56, 'DB', 22),
(56, 'JV', 17),
(57, 'CS', 83),
(57, 'DB', 5),
(57, 'JV', 68),
(58, 'CS', 47),
(58, 'JV', 3),
(59, 'CS', 54),
(59, 'DB', 94),
(59, 'JV', 16),
(60, 'CS', 70),
(60, 'DB', 54),
(60, 'JV', 68),
(61, 'CS', 7),
(61, 'DB', 31),
(61, 'JV', 89),
(62, 'CS', 21),
(62, 'DB', 30),
(62, 'JV', 63),
(63, 'CS', 11),
(63, 'DB', 77),
(63, 'JV', 24),
(64, 'CS', 88),
(64, 'DB', 62),
(64, 'JV', 29),
(65, 'CS', 35),
(65, 'DB', 38),
(65, 'JV', 78),
(66, 'CS', 0),
(66, 'DB', 79),
(66, 'JV', 90),
(67, 'CS', 71),
(67, 'DB', 100),
(67, 'JV', 14),
(68, 'CS', 26),
(68, 'DB', 56),
(68, 'JV', 70),
(69, 'CS', 86),
(69, 'DB', 51),
(69, 'JV', 25),
(70, 'DB', 54),
(70, 'JV', 39),
(71, 'CS', 77),
(71, 'DB', 27),
(71, 'JV', 90),
(72, 'CS', 52),
(72, 'DB', 78),
(72, 'JV', 3),
(73, 'CS', 55),
(73, 'DB', 99),
(73, 'JV', 11),
(74, 'CS', 56),
(74, 'DB', 14),
(74, 'JV', 88),
(75, 'CS', 94),
(75, 'DB', 36),
(75, 'JV', 16),
(76, 'CS', 48),
(76, 'DB', 15),
(76, 'JV', 44),
(77, 'CS', 14),
(77, 'DB', 72),
(77, 'JV', 28),
(78, 'CS', 34),
(78, 'DB', 92),
(78, 'JV', 86),
(79, 'CS', 76),
(79, 'DB', 96),
(79, 'JV', 26),
(80, 'CS', 99),
(80, 'DB', 70),
(80, 'JV', 42),
(81, 'DB', 90),
(82, 'CS', 98),
(82, 'DB', 2),
(82, 'JV', 54),
(83, 'CS', 49),
(83, 'DB', 95),
(83, 'JV', 57),
(84, 'CS', 6),
(84, 'DB', 57),
(84, 'JV', 6),
(85, 'CS', 76),
(85, 'DB', 65),
(85, 'JV', 72),
(86, 'CS', 34),
(86, 'DB', 21),
(86, 'JV', 43),
(87, 'CS', 30),
(87, 'DB', 11),
(87, 'JV', 77),
(88, 'CS', 40),
(88, 'DB', 48),
(88, 'JV', 11),
(89, 'CS', 3),
(89, 'DB', 85),
(90, 'CS', 52),
(91, 'CS', 54),
(91, 'DB', 80),
(91, 'JV', 80),
(92, 'CS', 83),
(92, 'DB', 87),
(92, 'JV', 43),
(93, 'CS', 69),
(93, 'DB', 46),
(93, 'JV', 54),
(94, 'CS', 66),
(94, 'DB', 7),
(94, 'JV', 99),
(95, 'CS', 12),
(95, 'DB', 89),
(95, 'JV', 49),
(96, 'CS', 76),
(96, 'DB', 17),
(96, 'JV', 72),
(97, 'CS', 27),
(97, 'DB', 74),
(97, 'JV', 7),
(98, 'CS', 68),
(98, 'DB', 10),
(98, 'JV', 14),
(99, 'CS', 28),
(99, 'DB', 86),
(99, 'JV', 74),
(100, 'DB', 23),
(100, 'JV', 96);

--
-- ダンプしたテーブルのインデックス
--

--
-- テーブルのインデックス `belong_to`
--
ALTER TABLE `belong_to`
  ADD PRIMARY KEY (`belong_id`);

--
-- テーブルのインデックス `book`
--
ALTER TABLE `book`
  ADD PRIMARY KEY (`id`);

--
-- テーブルのインデックス `categories`
--
ALTER TABLE `categories`
  ADD PRIMARY KEY (`category_id`);

--
-- テーブルのインデックス `customers`
--
ALTER TABLE `customers`
  ADD PRIMARY KEY (`customer_id`);

--
-- テーブルのインデックス `customer_classes`
--
ALTER TABLE `customer_classes`
  ADD PRIMARY KEY (`customer_class_id`);

--
-- テーブルのインデックス `departments`
--
ALTER TABLE `departments`
  ADD PRIMARY KEY (`department_id`);

--
-- テーブルのインデックス `employees`
--
ALTER TABLE `employees`
  ADD PRIMARY KEY (`employee_id`);

--
-- テーブルのインデックス `m_student`
--
ALTER TABLE `m_student`
  ADD PRIMARY KEY (`id`);

--
-- テーブルのインデックス `m_subject`
--
ALTER TABLE `m_subject`
  ADD PRIMARY KEY (`id`);

--
-- テーブルのインデックス `prefecturals`
--
ALTER TABLE `prefecturals`
  ADD PRIMARY KEY (`prefectural_id`);

--
-- テーブルのインデックス `products`
--
ALTER TABLE `products`
  ADD PRIMARY KEY (`product_id`);

--
-- テーブルのインデックス `salary`
--
ALTER TABLE `salary`
  ADD PRIMARY KEY (`salary_id`);

--
-- テーブルのインデックス `sales`
--
ALTER TABLE `sales`
  ADD PRIMARY KEY (`sale_id`);

--
-- テーブルのインデックス `tb1_sample`
--
ALTER TABLE `tb1_sample`
  ADD PRIMARY KEY (`id`);

--
-- テーブルのインデックス `t_point`
--
ALTER TABLE `t_point`
  ADD PRIMARY KEY (`student_id`,`subject_id`);

--
-- ダンプしたテーブルの AUTO_INCREMENT
--

--
-- テーブルの AUTO_INCREMENT `m_student`
--
ALTER TABLE `m_student`
  MODIFY `id` int(11) NOT NULL AUTO_INCREMENT, AUTO_INCREMENT=101;
COMMIT;

/*!40101 SET CHARACTER_SET_CLIENT=@OLD_CHARACTER_SET_CLIENT */;
/*!40101 SET CHARACTER_SET_RESULTS=@OLD_CHARACTER_SET_RESULTS */;
/*!40101 SET COLLATION_CONNECTION=@OLD_COLLATION_CONNECTION */;
