{"0":{"0":{"top":"62.3873px","left":"64.0926px","className":"add_media absolute album_top_media","html":"\n                <h3 class=\"add_text\">ｊちいじじ</h3>\n            "},"1":{"top":"","left":"","className":"album_top_media","html":"\n                <img class=\"album_top\" src=\"../img/album_top.png\" alt=\"\">\n            "},"background_color":"rgb(255, 255, 204)"},"1":{"0":{"top":"200.632px","left":"51.3741px","className":"absolute","html":"<img class=\"img\" src=\"../group/1/event_img/1/group1_1.jpg\" alt=\"\" height=\"100px\">"},"1":{"top":"","left":"","className":"absolute","html":"<img class=\"img\" src=\"../group/1/event_img/1/group1_2.png\" alt=\"\" height=\"100px\">"},"background_color":"rgb(255, 255, 204)"},"2":{"background_color":"rgb(61, 255, 117)"},"3":{"background_color":"rgb(255, 255, 204)"}}