{"0":{"0":{"top":"62.3873px","left":"64.0926px","className":"add_media absolute album_top_media media","html":"\n                <h3 class=\"add_text\">へふぃあｈｈ</h3>\n            "},"1":{"top":"","left":"","className":"album_top_media","html":"\n                <img class=\"album_top\" src=\"../img/album_top.png\" alt=\"\">\n            "},"background_color":"rgb(255, 255, 204)"},"1":{"0":{"top":"55.0809px","left":"40.5269px","className":"media absolute","html":"<img class=\"img\" src=\"../group/1/event_img/1/group1_5.png\" alt=\"\" height=\"100px\">"},"background_color":"rgb(255, 255, 204)"},"2":{"0":{"top":"132.062px","left":"17.7096px","className":"media absolute","html":"<img class=\"img\" src=\"../group/1/event_img/1/group1_4.png\" alt=\"\" height=\"100px\">"},"background_color":"rgb(255, 255, 204)"},"3":{"background_color":"rgb(255, 255, 204)"},"4":{"background_color":"rgb(255, 255, 204)"},"5":{"background_color":"rgb(255, 255, 204)"}}