{"0":{"0":{"top":"62.3873px","left":"64.0926px","className":"add_media absolute album_top_media","html":"\n                <h3 class=\"add_text\">ｊびういうっひ</h3>\n            "},"1":{"top":"","left":"","className":"album_top_media","html":"\n                <img class=\"album_top\" src=\"../img/album_top.png\" alt=\"\">\n            "},"background_color":"rgb(255, 255, 204)"},"1":{"background_color":"rgb(255, 255, 204)"},"2":{"background_color":"rgb(255, 255, 204)"},"3":{"background_color":"rgb(255, 255, 204)"}}